-- phpMyAdmin SQL Dump
-- version 5.0.4
-- https://www.phpmyadmin.net/
--
-- Host: localhost
-- Czas generowania: 03 Lut 2021, 16:30
-- Wersja serwera: 8.0.21
-- Wersja PHP: 7.4.14

SET SQL_MODE = "NO_AUTO_VALUE_ON_ZERO";
START TRANSACTION;
SET time_zone = "+00:00";


/*!40101 SET @OLD_CHARACTER_SET_CLIENT=@@CHARACTER_SET_CLIENT */;
/*!40101 SET @OLD_CHARACTER_SET_RESULTS=@@CHARACTER_SET_RESULTS */;
/*!40101 SET @OLD_COLLATION_CONNECTION=@@COLLATION_CONNECTION */;
/*!40101 SET NAMES utf8mb4 */;

--
-- Baza danych: `g13`
--

-- --------------------------------------------------------

--
-- Struktura tabeli dla tabeli `brands`
--

CREATE TABLE `brands` (
  `id` int NOT NULL,
  `name` varchar(45) CHARACTER SET utf8mb4 COLLATE utf8mb4_unicode_ci DEFAULT NULL
) ENGINE=InnoDB DEFAULT CHARSET=utf8mb4 COLLATE=utf8mb4_unicode_ci;

--
-- Zrzut danych tabeli `brands`
--

INSERT INTO `brands` (`id`, `name`) VALUES
(0, 'Grant and Sons'),
(1, 'Larson and Sons'),
(2, 'Cartwright Group'),
(3, 'Green Group'),
(4, 'Runolfsdottir LLC'),
(5, 'Harris and Sons'),
(6, 'Wintheiser Inc'),
(7, 'Steuber LLC'),
(8, 'Heathcote Group'),
(9, 'Murphy Group'),
(10, 'Huels Group'),
(11, 'Blick Group'),
(12, 'Kshlerin LLC'),
(13, 'Hermann Group'),
(14, 'Rogahn Inc');

-- --------------------------------------------------------

--
-- Struktura tabeli dla tabeli `categories`
--

CREATE TABLE `categories` (
  `id` int NOT NULL,
  `name` varchar(45) CHARACTER SET utf8mb4 COLLATE utf8mb4_unicode_ci DEFAULT NULL
) ENGINE=InnoDB DEFAULT CHARSET=utf8mb4 COLLATE=utf8mb4_unicode_ci;

--
-- Zrzut danych tabeli `categories`
--

INSERT INTO `categories` (`id`, `name`) VALUES
(2, 'Dresses'),
(3, 'Other'),
(0, 'Shoes'),
(4, 'Sport'),
(1, 'Trousers');

-- --------------------------------------------------------

--
-- Struktura tabeli dla tabeli `customers`
--

CREATE TABLE `customers` (
  `id` int NOT NULL,
  `name` varchar(45) CHARACTER SET utf8mb4 COLLATE utf8mb4_unicode_ci NOT NULL,
  `surname` varchar(45) CHARACTER SET utf8mb4 COLLATE utf8mb4_unicode_ci NOT NULL,
  `email` varchar(45) CHARACTER SET utf8mb4 COLLATE utf8mb4_unicode_ci DEFAULT NULL,
  `passwd` varchar(100) CHARACTER SET utf8mb4 COLLATE utf8mb4_unicode_ci DEFAULT NULL,
  `nickname` varchar(45) CHARACTER SET utf8mb4 COLLATE utf8mb4_unicode_ci DEFAULT NULL
) ENGINE=InnoDB DEFAULT CHARSET=utf8mb4 COLLATE=utf8mb4_unicode_ci;

--
-- Zrzut danych tabeli `customers`
--

INSERT INTO `customers` (`id`, `name`, `surname`, `email`, `passwd`, `nickname`) VALUES
(2, 'test', 'test', 'test', '$argon2i$v=19$m=4096,t=3,p=1$dmVyeXJhbmRvbXNhbHQ$Cvs1vAEjCr89Q6KjlMK2ewR7j3IZxxtN3L5I/xNTYso', 'test');

-- --------------------------------------------------------

--
-- Struktura tabeli dla tabeli `orderdetails`
--

CREATE TABLE `orderdetails` (
  `id` int NOT NULL,
  `order` int NOT NULL,
  `product` int NOT NULL,
  `price` decimal(4,0) DEFAULT NULL,
  `units_for_order` int UNSIGNED NOT NULL DEFAULT '0'
) ENGINE=InnoDB DEFAULT CHARSET=utf8mb4 COLLATE=utf8mb4_unicode_ci;

--
-- Zrzut danych tabeli `orderdetails`
--

INSERT INTO `orderdetails` (`id`, `order`, `product`, `price`, `units_for_order`) VALUES
(5, 3, 515, '975', 0),
(6, 3, 668, '910', 0),
(7, 3, 509, '819', 0);

-- --------------------------------------------------------

--
-- Struktura tabeli dla tabeli `orders`
--

CREATE TABLE `orders` (
  `id` int NOT NULL,
  `desc` varchar(45) CHARACTER SET utf8mb4 COLLATE utf8mb4_unicode_ci DEFAULT NULL,
  `customer` int NOT NULL,
  `purchase_dtime` datetime DEFAULT NULL
) ENGINE=InnoDB DEFAULT CHARSET=utf8mb4 COLLATE=utf8mb4_unicode_ci;

--
-- Zrzut danych tabeli `orders`
--

INSERT INTO `orders` (`id`, `desc`, `customer`, `purchase_dtime`) VALUES
(3, NULL, 2, '2021-02-03 15:48:04');

-- --------------------------------------------------------

--
-- Struktura tabeli dla tabeli `products`
--

CREATE TABLE `products` (
  `id` int NOT NULL,
  `name` varchar(45) CHARACTER SET utf8mb4 COLLATE utf8mb4_unicode_ci DEFAULT NULL,
  `price` decimal(4,0) UNSIGNED DEFAULT NULL,
  `category` int DEFAULT NULL,
  `brand` int DEFAULT NULL,
  `description` varchar(1024) CHARACTER SET utf8mb4 COLLATE utf8mb4_unicode_ci DEFAULT NULL,
  `picture` varchar(45) CHARACTER SET utf8mb4 COLLATE utf8mb4_unicode_ci DEFAULT NULL,
  `units_in_stock` int UNSIGNED NOT NULL DEFAULT '0'
) ENGINE=InnoDB DEFAULT CHARSET=utf8mb4 COLLATE=utf8mb4_unicode_ci;

--
-- Zrzut danych tabeli `products`
--

INSERT INTO `products` (`id`, `name`, `price`, `category`, `brand`, `description`, `picture`, `units_in_stock`) VALUES
(1, 'Fantastic Metal Ball', '775', 0, 10, 'New ABC 13 9370, 13.3, 5th Gen CoreA5-8250U, 8GB RAM, 256GB SSD, power UHD Graphics, OS 10 Home, OS Office A & J 2016', 'http://placeimg.com/640/480/business', 63),
(2, 'Practical Steel Bike', '759', 0, 11, 'New range of formal shirts are designed keeping you in mind. With fits and styling that will make you stand apart', 'http://placeimg.com/640/480/business', 3),
(3, 'Practical Steel Table', '345', 0, 12, 'The slim & simple Maple Gaming Keyboard from Dev Byte comes with a sleek body and 7- Color RGB LED Back-lighting for smart functionality', 'http://placeimg.com/640/480/business', 98),
(4, 'Sleek Metal Sausages', '435', 0, 7, 'The Apollotech B340 is an affordable wireless mouse with reliable connectivity, 12 months battery life and modern design', 'http://placeimg.com/640/480/business', 55),
(5, 'Unbranded Plastic Bike', '757', 0, 7, 'Boston\'s most advanced compression wear technology increases muscle oxygenation, stabilizes active muscles', 'http://placeimg.com/640/480/business', 18),
(6, 'Handcrafted Cotton Cheese', '850', 0, 0, 'The automobile layout consists of a front-engine design, with transaxle-type transmissions mounted at the rear of the engine and four wheel drive', 'http://placeimg.com/640/480/business', 87),
(7, 'Unbranded Cotton Pizza', '226', 0, 8, 'The beautiful range of Apple Naturalé that has an exciting mix of natural ingredients. With the Goodness of 100% Natural Ingredients', 'http://placeimg.com/640/480/business', 67),
(8, 'Incredible Concrete Computer', '105', 0, 8, 'The beautiful range of Apple Naturalé that has an exciting mix of natural ingredients. With the Goodness of 100% Natural Ingredients', 'http://placeimg.com/640/480/business', 91),
(9, 'Tasty Wooden Towels', '70', 0, 1, 'Carbonite web goalkeeper gloves are ergonomically designed to give easy fit', 'http://placeimg.com/640/480/business', 86),
(10, 'Generic Plastic Sausages', '944', 0, 0, 'The automobile layout consists of a front-engine design, with transaxle-type transmissions mounted at the rear of the engine and four wheel drive', 'http://placeimg.com/640/480/business', 14),
(11, 'Licensed Soft Tuna', '692', 0, 7, 'Ergonomic executive chair upholstered in bonded black leather and PVC padded seat and back for all-day comfort and support', 'http://placeimg.com/640/480/business', 9),
(12, 'Fantastic Granite Sausages', '245', 0, 9, 'Carbonite web goalkeeper gloves are ergonomically designed to give easy fit', 'http://placeimg.com/640/480/business', 8),
(13, 'Fantastic Rubber Chips', '599', 0, 7, 'The automobile layout consists of a front-engine design, with transaxle-type transmissions mounted at the rear of the engine and four wheel drive', 'http://placeimg.com/640/480/business', 99),
(14, 'Fantastic Rubber Chips', '648', 0, 7, 'Andy shoes are designed to keeping in mind durability as well as trends, the most stylish range of shoes & sandals', 'http://placeimg.com/640/480/business', 31),
(15, 'Generic Cotton Sausages', '717', 0, 8, 'The Nagasaki Lander is the trademarked name of several series of Nagasaki sport bikes, that started with the 1984 ABC800J', 'http://placeimg.com/640/480/business', 49),
(16, 'Handmade Fresh Car', '919', 0, 5, 'The beautiful range of Apple Naturalé that has an exciting mix of natural ingredients. With the Goodness of 100% Natural Ingredients', 'http://placeimg.com/640/480/business', 89),
(17, 'Generic Plastic Chicken', '216', 0, 13, 'The beautiful range of Apple Naturalé that has an exciting mix of natural ingredients. With the Goodness of 100% Natural Ingredients', 'http://placeimg.com/640/480/business', 67),
(18, 'Handmade Soft Shirt', '328', 0, 10, 'The Football Is Good For Training And Recreational Purposes', 'http://placeimg.com/640/480/business', 57),
(19, 'Small Rubber Keyboard', '771', 0, 13, 'Boston\'s most advanced compression wear technology increases muscle oxygenation, stabilizes active muscles', 'http://placeimg.com/640/480/business', 77),
(20, 'Ergonomic Rubber Keyboard', '166', 0, 11, 'New ABC 13 9370, 13.3, 5th Gen CoreA5-8250U, 8GB RAM, 256GB SSD, power UHD Graphics, OS 10 Home, OS Office A & J 2016', 'http://placeimg.com/640/480/business', 82),
(21, 'Ergonomic Soft Shoes', '279', 0, 12, 'New ABC 13 9370, 13.3, 5th Gen CoreA5-8250U, 8GB RAM, 256GB SSD, power UHD Graphics, OS 10 Home, OS Office A & J 2016', 'http://placeimg.com/640/480/business', 59),
(22, 'Handmade Fresh Computer', '731', 0, 13, 'Boston\'s most advanced compression wear technology increases muscle oxygenation, stabilizes active muscles', 'http://placeimg.com/640/480/business', 71),
(23, 'Licensed Cotton Sausages', '555', 0, 1, 'The automobile layout consists of a front-engine design, with transaxle-type transmissions mounted at the rear of the engine and four wheel drive', 'http://placeimg.com/640/480/business', 35),
(24, 'Awesome Soft Chicken', '764', 0, 8, 'Carbonite web goalkeeper gloves are ergonomically designed to give easy fit', 'http://placeimg.com/640/480/business', 61),
(25, 'Small Fresh Pizza', '987', 0, 1, 'New ABC 13 9370, 13.3, 5th Gen CoreA5-8250U, 8GB RAM, 256GB SSD, power UHD Graphics, OS 10 Home, OS Office A & J 2016', 'http://placeimg.com/640/480/business', 14),
(26, 'Tasty Rubber Car', '589', 0, 3, 'New range of formal shirts are designed keeping you in mind. With fits and styling that will make you stand apart', 'http://placeimg.com/640/480/business', 63),
(27, 'Unbranded Rubber Shoes', '37', 0, 10, 'Boston\'s most advanced compression wear technology increases muscle oxygenation, stabilizes active muscles', 'http://placeimg.com/640/480/business', 99),
(28, 'Incredible Granite Towels', '848', 0, 11, 'Ergonomic executive chair upholstered in bonded black leather and PVC padded seat and back for all-day comfort and support', 'http://placeimg.com/640/480/business', 3),
(29, 'Ergonomic Metal Computer', '13', 0, 10, 'The Apollotech B340 is an affordable wireless mouse with reliable connectivity, 12 months battery life and modern design', 'http://placeimg.com/640/480/business', 18),
(30, 'Refined Granite Towels', '849', 0, 4, 'The Nagasaki Lander is the trademarked name of several series of Nagasaki sport bikes, that started with the 1984 ABC800J', 'http://placeimg.com/640/480/business', 6),
(31, 'Unbranded Steel Towels', '202', 0, 3, 'Boston\'s most advanced compression wear technology increases muscle oxygenation, stabilizes active muscles', 'http://placeimg.com/640/480/business', 86),
(32, 'Ergonomic Rubber Cheese', '733', 0, 1, 'The Apollotech B340 is an affordable wireless mouse with reliable connectivity, 12 months battery life and modern design', 'http://placeimg.com/640/480/business', 65),
(33, 'Sleek Rubber Hat', '443', 0, 8, 'Andy shoes are designed to keeping in mind durability as well as trends, the most stylish range of shoes & sandals', 'http://placeimg.com/640/480/business', 1),
(34, 'Rustic Metal Mouse', '755', 0, 8, 'New range of formal shirts are designed keeping you in mind. With fits and styling that will make you stand apart', 'http://placeimg.com/640/480/business', 48),
(35, 'Licensed Fresh Fish', '994', 0, 6, 'The Football Is Good For Training And Recreational Purposes', 'http://placeimg.com/640/480/business', 8),
(36, 'Handmade Concrete Bacon', '165', 0, 8, 'The Apollotech B340 is an affordable wireless mouse with reliable connectivity, 12 months battery life and modern design', 'http://placeimg.com/640/480/business', 37),
(37, 'Sleek Soft Car', '326', 0, 9, 'New ABC 13 9370, 13.3, 5th Gen CoreA5-8250U, 8GB RAM, 256GB SSD, power UHD Graphics, OS 10 Home, OS Office A & J 2016', 'http://placeimg.com/640/480/business', 61),
(38, 'Licensed Wooden Salad', '393', 0, 14, 'Boston\'s most advanced compression wear technology increases muscle oxygenation, stabilizes active muscles', 'http://placeimg.com/640/480/business', 30),
(39, 'Generic Wooden Pizza', '235', 0, 13, 'The Apollotech B340 is an affordable wireless mouse with reliable connectivity, 12 months battery life and modern design', 'http://placeimg.com/640/480/business', 86),
(40, 'Practical Plastic Gloves', '554', 0, 1, 'The slim & simple Maple Gaming Keyboard from Dev Byte comes with a sleek body and 7- Color RGB LED Back-lighting for smart functionality', 'http://placeimg.com/640/480/business', 57),
(41, 'Licensed Wooden Table', '706', 0, 9, 'The slim & simple Maple Gaming Keyboard from Dev Byte comes with a sleek body and 7- Color RGB LED Back-lighting for smart functionality', 'http://placeimg.com/640/480/business', 91),
(42, 'Incredible Granite Car', '15', 0, 11, 'The slim & simple Maple Gaming Keyboard from Dev Byte comes with a sleek body and 7- Color RGB LED Back-lighting for smart functionality', 'http://placeimg.com/640/480/business', 28),
(43, 'Sleek Metal Sausages', '681', 0, 5, 'The Apollotech B340 is an affordable wireless mouse with reliable connectivity, 12 months battery life and modern design', 'http://placeimg.com/640/480/business', 98),
(44, 'Intelligent Steel Shirt', '653', 0, 10, 'The automobile layout consists of a front-engine design, with transaxle-type transmissions mounted at the rear of the engine and four wheel drive', 'http://placeimg.com/640/480/business', 43),
(45, 'Unbranded Granite Cheese', '900', 0, 2, 'The automobile layout consists of a front-engine design, with transaxle-type transmissions mounted at the rear of the engine and four wheel drive', 'http://placeimg.com/640/480/business', 41),
(46, 'Small Steel Bacon', '883', 0, 1, 'Carbonite web goalkeeper gloves are ergonomically designed to give easy fit', 'http://placeimg.com/640/480/business', 84),
(47, 'Ergonomic Frozen Bacon', '350', 0, 8, 'Andy shoes are designed to keeping in mind durability as well as trends, the most stylish range of shoes & sandals', 'http://placeimg.com/640/480/business', 88),
(48, 'Licensed Plastic Pizza', '689', 0, 3, 'The automobile layout consists of a front-engine design, with transaxle-type transmissions mounted at the rear of the engine and four wheel drive', 'http://placeimg.com/640/480/business', 28),
(49, 'Generic Cotton Soap', '725', 0, 14, 'Boston\'s most advanced compression wear technology increases muscle oxygenation, stabilizes active muscles', 'http://placeimg.com/640/480/business', 64),
(50, 'Ergonomic Cotton Pizza', '47', 0, 7, 'The slim & simple Maple Gaming Keyboard from Dev Byte comes with a sleek body and 7- Color RGB LED Back-lighting for smart functionality', 'http://placeimg.com/640/480/business', 27),
(51, 'Small Soft Fish', '106', 0, 12, 'Boston\'s most advanced compression wear technology increases muscle oxygenation, stabilizes active muscles', 'http://placeimg.com/640/480/business', 65),
(52, 'Fantastic Wooden Tuna', '724', 0, 11, 'The Nagasaki Lander is the trademarked name of several series of Nagasaki sport bikes, that started with the 1984 ABC800J', 'http://placeimg.com/640/480/business', 32),
(53, 'Unbranded Frozen Pants', '737', 0, 7, 'The Apollotech B340 is an affordable wireless mouse with reliable connectivity, 12 months battery life and modern design', 'http://placeimg.com/640/480/business', 91),
(54, 'Handcrafted Plastic Tuna', '395', 0, 3, 'Ergonomic executive chair upholstered in bonded black leather and PVC padded seat and back for all-day comfort and support', 'http://placeimg.com/640/480/business', 2),
(55, 'Tasty Cotton Fish', '488', 0, 11, 'Andy shoes are designed to keeping in mind durability as well as trends, the most stylish range of shoes & sandals', 'http://placeimg.com/640/480/business', 89),
(56, 'Intelligent Granite Keyboard', '467', 0, 6, 'The slim & simple Maple Gaming Keyboard from Dev Byte comes with a sleek body and 7- Color RGB LED Back-lighting for smart functionality', 'http://placeimg.com/640/480/business', 22),
(57, 'Handmade Frozen Bike', '148', 0, 7, 'The automobile layout consists of a front-engine design, with transaxle-type transmissions mounted at the rear of the engine and four wheel drive', 'http://placeimg.com/640/480/business', 75),
(58, 'Ergonomic Rubber Mouse', '472', 0, 12, 'Ergonomic executive chair upholstered in bonded black leather and PVC padded seat and back for all-day comfort and support', 'http://placeimg.com/640/480/business', 61),
(59, 'Licensed Steel Shirt', '426', 0, 4, 'The Nagasaki Lander is the trademarked name of several series of Nagasaki sport bikes, that started with the 1984 ABC800J', 'http://placeimg.com/640/480/business', 1),
(60, 'Fantastic Soft Sausages', '840', 0, 5, 'Andy shoes are designed to keeping in mind durability as well as trends, the most stylish range of shoes & sandals', 'http://placeimg.com/640/480/business', 99),
(61, 'Handmade Frozen Hat', '517', 0, 1, 'The Apollotech B340 is an affordable wireless mouse with reliable connectivity, 12 months battery life and modern design', 'http://placeimg.com/640/480/business', 65),
(62, 'Rustic Cotton Chicken', '297', 0, 2, 'New range of formal shirts are designed keeping you in mind. With fits and styling that will make you stand apart', 'http://placeimg.com/640/480/business', 59),
(63, 'Small Concrete Ball', '727', 0, 5, 'The beautiful range of Apple Naturalé that has an exciting mix of natural ingredients. With the Goodness of 100% Natural Ingredients', 'http://placeimg.com/640/480/business', 6),
(64, 'Small Fresh Towels', '149', 0, 8, 'The automobile layout consists of a front-engine design, with transaxle-type transmissions mounted at the rear of the engine and four wheel drive', 'http://placeimg.com/640/480/business', 23),
(65, 'Incredible Wooden Fish', '570', 0, 10, 'New ABC 13 9370, 13.3, 5th Gen CoreA5-8250U, 8GB RAM, 256GB SSD, power UHD Graphics, OS 10 Home, OS Office A & J 2016', 'http://placeimg.com/640/480/business', 36),
(66, 'Handmade Wooden Keyboard', '390', 0, 8, 'The Football Is Good For Training And Recreational Purposes', 'http://placeimg.com/640/480/business', 44),
(67, 'Unbranded Fresh Bike', '434', 0, 2, 'The slim & simple Maple Gaming Keyboard from Dev Byte comes with a sleek body and 7- Color RGB LED Back-lighting for smart functionality', 'http://placeimg.com/640/480/business', 50),
(68, 'Ergonomic Concrete Salad', '832', 0, 4, 'Boston\'s most advanced compression wear technology increases muscle oxygenation, stabilizes active muscles', 'http://placeimg.com/640/480/business', 31),
(69, 'Tasty Rubber Ball', '28', 0, 3, 'The Football Is Good For Training And Recreational Purposes', 'http://placeimg.com/640/480/business', 40),
(70, 'Rustic Granite Chicken', '487', 0, 13, 'Boston\'s most advanced compression wear technology increases muscle oxygenation, stabilizes active muscles', 'http://placeimg.com/640/480/business', 72),
(71, 'Incredible Frozen Car', '765', 0, 0, 'Ergonomic executive chair upholstered in bonded black leather and PVC padded seat and back for all-day comfort and support', 'http://placeimg.com/640/480/business', 79),
(72, 'Sleek Wooden Car', '554', 0, 6, 'The Apollotech B340 is an affordable wireless mouse with reliable connectivity, 12 months battery life and modern design', 'http://placeimg.com/640/480/business', 93),
(73, 'Practical Granite Pants', '209', 0, 9, 'The Apollotech B340 is an affordable wireless mouse with reliable connectivity, 12 months battery life and modern design', 'http://placeimg.com/640/480/business', 38),
(74, 'Small Granite Sausages', '769', 0, 8, 'The Football Is Good For Training And Recreational Purposes', 'http://placeimg.com/640/480/business', 73),
(75, 'Fantastic Frozen Ball', '404', 0, 13, 'The Apollotech B340 is an affordable wireless mouse with reliable connectivity, 12 months battery life and modern design', 'http://placeimg.com/640/480/business', 66),
(76, 'Gorgeous Steel Chips', '578', 0, 2, 'Ergonomic executive chair upholstered in bonded black leather and PVC padded seat and back for all-day comfort and support', 'http://placeimg.com/640/480/business', 99),
(77, 'Licensed Concrete Sausages', '158', 0, 12, 'New range of formal shirts are designed keeping you in mind. With fits and styling that will make you stand apart', 'http://placeimg.com/640/480/business', 25),
(78, 'Handcrafted Concrete Bacon', '387', 0, 4, 'New range of formal shirts are designed keeping you in mind. With fits and styling that will make you stand apart', 'http://placeimg.com/640/480/business', 49),
(79, 'Fantastic Steel Table', '433', 0, 6, 'The automobile layout consists of a front-engine design, with transaxle-type transmissions mounted at the rear of the engine and four wheel drive', 'http://placeimg.com/640/480/business', 70),
(80, 'Practical Concrete Car', '90', 0, 0, 'Ergonomic executive chair upholstered in bonded black leather and PVC padded seat and back for all-day comfort and support', 'http://placeimg.com/640/480/business', 7),
(81, 'Ergonomic Wooden Chair', '462', 0, 11, 'The automobile layout consists of a front-engine design, with transaxle-type transmissions mounted at the rear of the engine and four wheel drive', 'http://placeimg.com/640/480/business', 77),
(82, 'Small Concrete Pizza', '24', 0, 5, 'Ergonomic executive chair upholstered in bonded black leather and PVC padded seat and back for all-day comfort and support', 'http://placeimg.com/640/480/business', 6),
(83, 'Handcrafted Soft Gloves', '660', 0, 12, 'The beautiful range of Apple Naturalé that has an exciting mix of natural ingredients. With the Goodness of 100% Natural Ingredients', 'http://placeimg.com/640/480/business', 27),
(84, 'Incredible Metal Ball', '23', 0, 5, 'The Nagasaki Lander is the trademarked name of several series of Nagasaki sport bikes, that started with the 1984 ABC800J', 'http://placeimg.com/640/480/business', 75),
(85, 'Rustic Soft Pants', '288', 0, 0, 'The beautiful range of Apple Naturalé that has an exciting mix of natural ingredients. With the Goodness of 100% Natural Ingredients', 'http://placeimg.com/640/480/business', 3),
(86, 'Gorgeous Granite Shoes', '822', 0, 1, 'Andy shoes are designed to keeping in mind durability as well as trends, the most stylish range of shoes & sandals', 'http://placeimg.com/640/480/business', 19),
(87, 'Sleek Frozen Pizza', '374', 0, 8, 'New ABC 13 9370, 13.3, 5th Gen CoreA5-8250U, 8GB RAM, 256GB SSD, power UHD Graphics, OS 10 Home, OS Office A & J 2016', 'http://placeimg.com/640/480/business', 37),
(88, 'Tasty Frozen Pants', '20', 0, 7, 'Carbonite web goalkeeper gloves are ergonomically designed to give easy fit', 'http://placeimg.com/640/480/business', 52),
(89, 'Gorgeous Plastic Computer', '942', 0, 13, 'New ABC 13 9370, 13.3, 5th Gen CoreA5-8250U, 8GB RAM, 256GB SSD, power UHD Graphics, OS 10 Home, OS Office A & J 2016', 'http://placeimg.com/640/480/business', 21),
(90, 'Unbranded Plastic Fish', '383', 0, 1, 'The automobile layout consists of a front-engine design, with transaxle-type transmissions mounted at the rear of the engine and four wheel drive', 'http://placeimg.com/640/480/business', 33),
(91, 'Gorgeous Cotton Ball', '38', 0, 7, 'The Nagasaki Lander is the trademarked name of several series of Nagasaki sport bikes, that started with the 1984 ABC800J', 'http://placeimg.com/640/480/business', 35),
(92, 'Ergonomic Wooden Computer', '933', 0, 14, 'New ABC 13 9370, 13.3, 5th Gen CoreA5-8250U, 8GB RAM, 256GB SSD, power UHD Graphics, OS 10 Home, OS Office A & J 2016', 'http://placeimg.com/640/480/business', 39),
(93, 'Unbranded Rubber Hat', '353', 0, 2, 'Ergonomic executive chair upholstered in bonded black leather and PVC padded seat and back for all-day comfort and support', 'http://placeimg.com/640/480/business', 53),
(94, 'Unbranded Rubber Fish', '624', 0, 12, 'The beautiful range of Apple Naturalé that has an exciting mix of natural ingredients. With the Goodness of 100% Natural Ingredients', 'http://placeimg.com/640/480/business', 71),
(95, 'Handcrafted Frozen Bacon', '843', 0, 0, 'Carbonite web goalkeeper gloves are ergonomically designed to give easy fit', 'http://placeimg.com/640/480/business', 39),
(96, 'Unbranded Wooden Gloves', '773', 0, 0, 'Andy shoes are designed to keeping in mind durability as well as trends, the most stylish range of shoes & sandals', 'http://placeimg.com/640/480/business', 78),
(97, 'Unbranded Granite Tuna', '980', 0, 9, 'The Nagasaki Lander is the trademarked name of several series of Nagasaki sport bikes, that started with the 1984 ABC800J', 'http://placeimg.com/640/480/business', 11),
(98, 'Licensed Steel Gloves', '711', 0, 1, 'The Nagasaki Lander is the trademarked name of several series of Nagasaki sport bikes, that started with the 1984 ABC800J', 'http://placeimg.com/640/480/business', 88),
(99, 'Ergonomic Steel Hat', '743', 0, 12, 'New range of formal shirts are designed keeping you in mind. With fits and styling that will make you stand apart', 'http://placeimg.com/640/480/business', 56),
(100, 'Gorgeous Granite Gloves', '600', 0, 7, 'The Nagasaki Lander is the trademarked name of several series of Nagasaki sport bikes, that started with the 1984 ABC800J', 'http://placeimg.com/640/480/business', 80),
(101, 'Gorgeous Concrete Table', '654', 0, 3, 'New range of formal shirts are designed keeping you in mind. With fits and styling that will make you stand apart', 'http://placeimg.com/640/480/business', 83),
(102, 'Awesome Wooden Tuna', '696', 0, 6, 'The Nagasaki Lander is the trademarked name of several series of Nagasaki sport bikes, that started with the 1984 ABC800J', 'http://placeimg.com/640/480/business', 83),
(103, 'Awesome Rubber Pizza', '157', 0, 1, 'The Apollotech B340 is an affordable wireless mouse with reliable connectivity, 12 months battery life and modern design', 'http://placeimg.com/640/480/business', 2),
(104, 'Licensed Wooden Chips', '919', 0, 1, 'New ABC 13 9370, 13.3, 5th Gen CoreA5-8250U, 8GB RAM, 256GB SSD, power UHD Graphics, OS 10 Home, OS Office A & J 2016', 'http://placeimg.com/640/480/business', 74),
(105, 'Intelligent Plastic Hat', '665', 0, 8, 'The beautiful range of Apple Naturalé that has an exciting mix of natural ingredients. With the Goodness of 100% Natural Ingredients', 'http://placeimg.com/640/480/business', 24),
(106, 'Incredible Concrete Mouse', '661', 0, 7, 'Boston\'s most advanced compression wear technology increases muscle oxygenation, stabilizes active muscles', 'http://placeimg.com/640/480/business', 28),
(107, 'Unbranded Steel Pants', '17', 0, 1, 'The Apollotech B340 is an affordable wireless mouse with reliable connectivity, 12 months battery life and modern design', 'http://placeimg.com/640/480/business', 79),
(108, 'Sleek Cotton Keyboard', '231', 0, 0, 'New range of formal shirts are designed keeping you in mind. With fits and styling that will make you stand apart', 'http://placeimg.com/640/480/business', 37),
(109, 'Incredible Soft Mouse', '122', 0, 0, 'Andy shoes are designed to keeping in mind durability as well as trends, the most stylish range of shoes & sandals', 'http://placeimg.com/640/480/business', 9),
(110, 'Tasty Cotton Mouse', '114', 0, 12, 'New range of formal shirts are designed keeping you in mind. With fits and styling that will make you stand apart', 'http://placeimg.com/640/480/business', 72),
(111, 'Unbranded Frozen Shoes', '720', 0, 0, 'The automobile layout consists of a front-engine design, with transaxle-type transmissions mounted at the rear of the engine and four wheel drive', 'http://placeimg.com/640/480/business', 11),
(112, 'Ergonomic Cotton Fish', '38', 0, 0, 'Ergonomic executive chair upholstered in bonded black leather and PVC padded seat and back for all-day comfort and support', 'http://placeimg.com/640/480/business', 51),
(113, 'Ergonomic Metal Shirt', '885', 0, 11, 'New range of formal shirts are designed keeping you in mind. With fits and styling that will make you stand apart', 'http://placeimg.com/640/480/business', 1),
(114, 'Licensed Plastic Pants', '553', 0, 9, 'Carbonite web goalkeeper gloves are ergonomically designed to give easy fit', 'http://placeimg.com/640/480/business', 17),
(115, 'Incredible Rubber Ball', '35', 0, 7, 'Boston\'s most advanced compression wear technology increases muscle oxygenation, stabilizes active muscles', 'http://placeimg.com/640/480/business', 63),
(116, 'Intelligent Plastic Pizza', '286', 0, 9, 'The Football Is Good For Training And Recreational Purposes', 'http://placeimg.com/640/480/business', 27),
(117, 'Tasty Soft Pizza', '679', 0, 12, 'New ABC 13 9370, 13.3, 5th Gen CoreA5-8250U, 8GB RAM, 256GB SSD, power UHD Graphics, OS 10 Home, OS Office A & J 2016', 'http://placeimg.com/640/480/business', 69),
(118, 'Handcrafted Cotton Pants', '160', 0, 7, 'The beautiful range of Apple Naturalé that has an exciting mix of natural ingredients. With the Goodness of 100% Natural Ingredients', 'http://placeimg.com/640/480/business', 39),
(119, 'Handcrafted Fresh Pizza', '744', 0, 14, 'New range of formal shirts are designed keeping you in mind. With fits and styling that will make you stand apart', 'http://placeimg.com/640/480/business', 58),
(120, 'Ergonomic Metal Bike', '515', 0, 10, 'The slim & simple Maple Gaming Keyboard from Dev Byte comes with a sleek body and 7- Color RGB LED Back-lighting for smart functionality', 'http://placeimg.com/640/480/business', 43),
(121, 'Awesome Granite Table', '621', 0, 11, 'The Nagasaki Lander is the trademarked name of several series of Nagasaki sport bikes, that started with the 1984 ABC800J', 'http://placeimg.com/640/480/business', 73),
(122, 'Fantastic Fresh Cheese', '651', 0, 2, 'The Football Is Good For Training And Recreational Purposes', 'http://placeimg.com/640/480/business', 45),
(123, 'Rustic Concrete Bike', '653', 0, 7, 'Ergonomic executive chair upholstered in bonded black leather and PVC padded seat and back for all-day comfort and support', 'http://placeimg.com/640/480/business', 46),
(124, 'Handmade Wooden Pizza', '71', 0, 14, 'The beautiful range of Apple Naturalé that has an exciting mix of natural ingredients. With the Goodness of 100% Natural Ingredients', 'http://placeimg.com/640/480/business', 75),
(125, 'Practical Steel Ball', '10', 0, 7, 'New range of formal shirts are designed keeping you in mind. With fits and styling that will make you stand apart', 'http://placeimg.com/640/480/business', 41),
(126, 'Unbranded Granite Chicken', '514', 0, 5, 'The automobile layout consists of a front-engine design, with transaxle-type transmissions mounted at the rear of the engine and four wheel drive', 'http://placeimg.com/640/480/business', 21),
(127, 'Generic Frozen Chips', '159', 0, 3, 'New ABC 13 9370, 13.3, 5th Gen CoreA5-8250U, 8GB RAM, 256GB SSD, power UHD Graphics, OS 10 Home, OS Office A & J 2016', 'http://placeimg.com/640/480/business', 33),
(128, 'Incredible Soft Bacon', '769', 0, 3, 'Carbonite web goalkeeper gloves are ergonomically designed to give easy fit', 'http://placeimg.com/640/480/business', 82),
(129, 'Handmade Steel Shoes', '315', 0, 1, 'Boston\'s most advanced compression wear technology increases muscle oxygenation, stabilizes active muscles', 'http://placeimg.com/640/480/business', 7),
(130, 'Intelligent Fresh Mouse', '552', 0, 13, 'Andy shoes are designed to keeping in mind durability as well as trends, the most stylish range of shoes & sandals', 'http://placeimg.com/640/480/business', 16),
(131, 'Handcrafted Frozen Chips', '301', 0, 2, 'The Apollotech B340 is an affordable wireless mouse with reliable connectivity, 12 months battery life and modern design', 'http://placeimg.com/640/480/business', 52),
(132, 'Incredible Rubber Sausages', '14', 0, 2, 'New ABC 13 9370, 13.3, 5th Gen CoreA5-8250U, 8GB RAM, 256GB SSD, power UHD Graphics, OS 10 Home, OS Office A & J 2016', 'http://placeimg.com/640/480/business', 1),
(133, 'Rustic Soft Chicken', '95', 0, 11, 'New range of formal shirts are designed keeping you in mind. With fits and styling that will make you stand apart', 'http://placeimg.com/640/480/business', 25),
(134, 'Handmade Steel Tuna', '218', 0, 11, 'Boston\'s most advanced compression wear technology increases muscle oxygenation, stabilizes active muscles', 'http://placeimg.com/640/480/business', 22),
(135, 'Small Granite Gloves', '847', 0, 4, 'The Nagasaki Lander is the trademarked name of several series of Nagasaki sport bikes, that started with the 1984 ABC800J', 'http://placeimg.com/640/480/business', 96),
(136, 'Handcrafted Frozen Shoes', '471', 0, 6, 'New range of formal shirts are designed keeping you in mind. With fits and styling that will make you stand apart', 'http://placeimg.com/640/480/business', 14),
(137, 'Sleek Rubber Tuna', '273', 0, 12, 'The Nagasaki Lander is the trademarked name of several series of Nagasaki sport bikes, that started with the 1984 ABC800J', 'http://placeimg.com/640/480/business', 10),
(138, 'Ergonomic Soft Gloves', '766', 0, 6, 'The Nagasaki Lander is the trademarked name of several series of Nagasaki sport bikes, that started with the 1984 ABC800J', 'http://placeimg.com/640/480/business', 36),
(139, 'Tasty Steel Bacon', '76', 0, 0, 'The Football Is Good For Training And Recreational Purposes', 'http://placeimg.com/640/480/business', 65),
(140, 'Handmade Concrete Chair', '720', 0, 10, 'The automobile layout consists of a front-engine design, with transaxle-type transmissions mounted at the rear of the engine and four wheel drive', 'http://placeimg.com/640/480/business', 74),
(141, 'Refined Cotton Chair', '931', 0, 7, 'The automobile layout consists of a front-engine design, with transaxle-type transmissions mounted at the rear of the engine and four wheel drive', 'http://placeimg.com/640/480/business', 93),
(142, 'Sleek Soft Cheese', '757', 0, 13, 'The Football Is Good For Training And Recreational Purposes', 'http://placeimg.com/640/480/business', 32),
(143, 'Refined Steel Mouse', '823', 0, 11, 'The Football Is Good For Training And Recreational Purposes', 'http://placeimg.com/640/480/business', 90),
(144, 'Generic Frozen Pizza', '37', 0, 4, 'The Football Is Good For Training And Recreational Purposes', 'http://placeimg.com/640/480/business', 31),
(145, 'Unbranded Wooden Gloves', '671', 0, 1, 'Andy shoes are designed to keeping in mind durability as well as trends, the most stylish range of shoes & sandals', 'http://placeimg.com/640/480/business', 54),
(146, 'Gorgeous Rubber Tuna', '527', 0, 5, 'The beautiful range of Apple Naturalé that has an exciting mix of natural ingredients. With the Goodness of 100% Natural Ingredients', 'http://placeimg.com/640/480/business', 62),
(147, 'Generic Fresh Bike', '509', 0, 8, 'The Football Is Good For Training And Recreational Purposes', 'http://placeimg.com/640/480/business', 44),
(148, 'Awesome Metal Towels', '244', 0, 3, 'Carbonite web goalkeeper gloves are ergonomically designed to give easy fit', 'http://placeimg.com/640/480/business', 69),
(149, 'Small Granite Salad', '892', 0, 3, 'The Football Is Good For Training And Recreational Purposes', 'http://placeimg.com/640/480/business', 25),
(150, 'Refined Granite Mouse', '316', 0, 3, 'Andy shoes are designed to keeping in mind durability as well as trends, the most stylish range of shoes & sandals', 'http://placeimg.com/640/480/business', 74),
(151, 'Fantastic Concrete Keyboard', '237', 0, 12, 'The Football Is Good For Training And Recreational Purposes', 'http://placeimg.com/640/480/business', 48),
(152, 'Tasty Rubber Fish', '995', 0, 10, 'The Nagasaki Lander is the trademarked name of several series of Nagasaki sport bikes, that started with the 1984 ABC800J', 'http://placeimg.com/640/480/business', 90),
(153, 'Gorgeous Rubber Chips', '744', 0, 11, 'The slim & simple Maple Gaming Keyboard from Dev Byte comes with a sleek body and 7- Color RGB LED Back-lighting for smart functionality', 'http://placeimg.com/640/480/business', 90),
(154, 'Tasty Metal Sausages', '764', 0, 13, 'The beautiful range of Apple Naturalé that has an exciting mix of natural ingredients. With the Goodness of 100% Natural Ingredients', 'http://placeimg.com/640/480/business', 91),
(155, 'Licensed Cotton Car', '102', 0, 8, 'The Nagasaki Lander is the trademarked name of several series of Nagasaki sport bikes, that started with the 1984 ABC800J', 'http://placeimg.com/640/480/business', 44),
(156, 'Fantastic Cotton Cheese', '242', 0, 6, 'The beautiful range of Apple Naturalé that has an exciting mix of natural ingredients. With the Goodness of 100% Natural Ingredients', 'http://placeimg.com/640/480/business', 36),
(157, 'Generic Wooden Table', '69', 0, 12, 'New range of formal shirts are designed keeping you in mind. With fits and styling that will make you stand apart', 'http://placeimg.com/640/480/business', 79),
(158, 'Intelligent Fresh Pizza', '439', 0, 12, 'Carbonite web goalkeeper gloves are ergonomically designed to give easy fit', 'http://placeimg.com/640/480/business', 73),
(159, 'Refined Frozen Shoes', '542', 0, 2, 'The Nagasaki Lander is the trademarked name of several series of Nagasaki sport bikes, that started with the 1984 ABC800J', 'http://placeimg.com/640/480/business', 63),
(160, 'Unbranded Frozen Pants', '76', 0, 13, 'The beautiful range of Apple Naturalé that has an exciting mix of natural ingredients. With the Goodness of 100% Natural Ingredients', 'http://placeimg.com/640/480/business', 69),
(161, 'Gorgeous Granite Car', '667', 0, 6, 'The slim & simple Maple Gaming Keyboard from Dev Byte comes with a sleek body and 7- Color RGB LED Back-lighting for smart functionality', 'http://placeimg.com/640/480/business', 1),
(162, 'Practical Plastic Fish', '291', 0, 11, 'New ABC 13 9370, 13.3, 5th Gen CoreA5-8250U, 8GB RAM, 256GB SSD, power UHD Graphics, OS 10 Home, OS Office A & J 2016', 'http://placeimg.com/640/480/business', 59),
(163, 'Sleek Fresh Soap', '685', 0, 8, 'The Football Is Good For Training And Recreational Purposes', 'http://placeimg.com/640/480/business', 48),
(164, 'Awesome Plastic Pants', '639', 0, 3, 'The Football Is Good For Training And Recreational Purposes', 'http://placeimg.com/640/480/business', 9),
(165, 'Incredible Frozen Mouse', '161', 0, 8, 'New range of formal shirts are designed keeping you in mind. With fits and styling that will make you stand apart', 'http://placeimg.com/640/480/business', 82),
(166, 'Licensed Metal Keyboard', '901', 0, 11, 'The automobile layout consists of a front-engine design, with transaxle-type transmissions mounted at the rear of the engine and four wheel drive', 'http://placeimg.com/640/480/business', 9),
(167, 'Ergonomic Concrete Towels', '982', 0, 8, 'The Nagasaki Lander is the trademarked name of several series of Nagasaki sport bikes, that started with the 1984 ABC800J', 'http://placeimg.com/640/480/business', 9),
(168, 'Unbranded Plastic Gloves', '305', 0, 10, 'Carbonite web goalkeeper gloves are ergonomically designed to give easy fit', 'http://placeimg.com/640/480/business', 38),
(169, 'Gorgeous Granite Tuna', '132', 0, 5, 'The Apollotech B340 is an affordable wireless mouse with reliable connectivity, 12 months battery life and modern design', 'http://placeimg.com/640/480/business', 95),
(170, 'Unbranded Fresh Bacon', '628', 0, 7, 'The Apollotech B340 is an affordable wireless mouse with reliable connectivity, 12 months battery life and modern design', 'http://placeimg.com/640/480/business', 78),
(171, 'Licensed Plastic Fish', '94', 1, 4, 'The Football Is Good For Training And Recreational Purposes', 'http://placeimg.com/640/480/business', 19),
(172, 'Tasty Fresh Fish', '279', 1, 12, 'The slim & simple Maple Gaming Keyboard from Dev Byte comes with a sleek body and 7- Color RGB LED Back-lighting for smart functionality', 'http://placeimg.com/640/480/business', 37),
(173, 'Refined Concrete Soap', '597', 1, 7, 'Carbonite web goalkeeper gloves are ergonomically designed to give easy fit', 'http://placeimg.com/640/480/business', 4),
(174, 'Licensed Rubber Chips', '264', 1, 8, 'Andy shoes are designed to keeping in mind durability as well as trends, the most stylish range of shoes & sandals', 'http://placeimg.com/640/480/business', 25),
(175, 'Refined Frozen Chicken', '455', 1, 10, 'The Apollotech B340 is an affordable wireless mouse with reliable connectivity, 12 months battery life and modern design', 'http://placeimg.com/640/480/business', 5),
(176, 'Unbranded Frozen Table', '935', 1, 4, 'New range of formal shirts are designed keeping you in mind. With fits and styling that will make you stand apart', 'http://placeimg.com/640/480/business', 19),
(177, 'Sleek Concrete Sausages', '16', 1, 3, 'The Football Is Good For Training And Recreational Purposes', 'http://placeimg.com/640/480/business', 39),
(178, 'Generic Steel Table', '765', 1, 11, 'The Football Is Good For Training And Recreational Purposes', 'http://placeimg.com/640/480/business', 48),
(179, 'Handmade Cotton Pants', '458', 1, 7, 'The Football Is Good For Training And Recreational Purposes', 'http://placeimg.com/640/480/business', 3),
(180, 'Handcrafted Frozen Bike', '252', 1, 2, 'The slim & simple Maple Gaming Keyboard from Dev Byte comes with a sleek body and 7- Color RGB LED Back-lighting for smart functionality', 'http://placeimg.com/640/480/business', 31),
(181, 'Rustic Metal Gloves', '237', 1, 13, 'The beautiful range of Apple Naturalé that has an exciting mix of natural ingredients. With the Goodness of 100% Natural Ingredients', 'http://placeimg.com/640/480/business', 19),
(182, 'Licensed Concrete Bike', '605', 1, 14, 'New ABC 13 9370, 13.3, 5th Gen CoreA5-8250U, 8GB RAM, 256GB SSD, power UHD Graphics, OS 10 Home, OS Office A & J 2016', 'http://placeimg.com/640/480/business', 16),
(183, 'Licensed Rubber Table', '311', 1, 9, 'Boston\'s most advanced compression wear technology increases muscle oxygenation, stabilizes active muscles', 'http://placeimg.com/640/480/business', 45),
(184, 'Generic Granite Fish', '167', 1, 11, 'The Apollotech B340 is an affordable wireless mouse with reliable connectivity, 12 months battery life and modern design', 'http://placeimg.com/640/480/business', 42),
(185, 'Generic Metal Pizza', '731', 1, 5, 'The Nagasaki Lander is the trademarked name of several series of Nagasaki sport bikes, that started with the 1984 ABC800J', 'http://placeimg.com/640/480/business', 30),
(186, 'Rustic Rubber Cheese', '833', 1, 2, 'The Football Is Good For Training And Recreational Purposes', 'http://placeimg.com/640/480/business', 19),
(187, 'Ergonomic Soft Soap', '745', 1, 14, 'The beautiful range of Apple Naturalé that has an exciting mix of natural ingredients. With the Goodness of 100% Natural Ingredients', 'http://placeimg.com/640/480/business', 41),
(188, 'Tasty Plastic Gloves', '751', 1, 3, 'The Football Is Good For Training And Recreational Purposes', 'http://placeimg.com/640/480/business', 40),
(189, 'Handmade Frozen Pants', '25', 1, 12, 'New range of formal shirts are designed keeping you in mind. With fits and styling that will make you stand apart', 'http://placeimg.com/640/480/business', 41),
(190, 'Sleek Concrete Shoes', '785', 1, 13, 'The beautiful range of Apple Naturalé that has an exciting mix of natural ingredients. With the Goodness of 100% Natural Ingredients', 'http://placeimg.com/640/480/business', 26),
(191, 'Gorgeous Rubber Mouse', '127', 1, 11, 'Carbonite web goalkeeper gloves are ergonomically designed to give easy fit', 'http://placeimg.com/640/480/business', 47),
(192, 'Small Cotton Cheese', '399', 1, 2, 'Ergonomic executive chair upholstered in bonded black leather and PVC padded seat and back for all-day comfort and support', 'http://placeimg.com/640/480/business', 10),
(193, 'Rustic Cotton Gloves', '260', 1, 1, 'The Apollotech B340 is an affordable wireless mouse with reliable connectivity, 12 months battery life and modern design', 'http://placeimg.com/640/480/business', 23),
(194, 'Handcrafted Rubber Shoes', '238', 1, 2, 'Andy shoes are designed to keeping in mind durability as well as trends, the most stylish range of shoes & sandals', 'http://placeimg.com/640/480/business', 17),
(195, 'Awesome Fresh Pants', '102', 1, 2, 'New range of formal shirts are designed keeping you in mind. With fits and styling that will make you stand apart', 'http://placeimg.com/640/480/business', 28),
(196, 'Gorgeous Frozen Bike', '964', 1, 13, 'Boston\'s most advanced compression wear technology increases muscle oxygenation, stabilizes active muscles', 'http://placeimg.com/640/480/business', 15),
(197, 'Small Cotton Tuna', '160', 1, 13, 'Ergonomic executive chair upholstered in bonded black leather and PVC padded seat and back for all-day comfort and support', 'http://placeimg.com/640/480/business', 20),
(198, 'Handcrafted Wooden Shirt', '397', 1, 9, 'Boston\'s most advanced compression wear technology increases muscle oxygenation, stabilizes active muscles', 'http://placeimg.com/640/480/business', 34),
(199, 'Awesome Concrete Chicken', '419', 1, 14, 'Boston\'s most advanced compression wear technology increases muscle oxygenation, stabilizes active muscles', 'http://placeimg.com/640/480/business', 6),
(200, 'Generic Soft Hat', '212', 1, 9, 'Ergonomic executive chair upholstered in bonded black leather and PVC padded seat and back for all-day comfort and support', 'http://placeimg.com/640/480/business', 48),
(201, 'Incredible Metal Chips', '400', 1, 13, 'Boston\'s most advanced compression wear technology increases muscle oxygenation, stabilizes active muscles', 'http://placeimg.com/640/480/business', 3),
(202, 'Tasty Soft Shirt', '601', 1, 8, 'New range of formal shirts are designed keeping you in mind. With fits and styling that will make you stand apart', 'http://placeimg.com/640/480/business', 7),
(203, 'Fantastic Granite Gloves', '509', 1, 9, 'The beautiful range of Apple Naturalé that has an exciting mix of natural ingredients. With the Goodness of 100% Natural Ingredients', 'http://placeimg.com/640/480/business', 14),
(204, 'Rustic Rubber Hat', '186', 1, 9, 'Ergonomic executive chair upholstered in bonded black leather and PVC padded seat and back for all-day comfort and support', 'http://placeimg.com/640/480/business', 21),
(205, 'Unbranded Metal Towels', '664', 1, 13, 'The slim & simple Maple Gaming Keyboard from Dev Byte comes with a sleek body and 7- Color RGB LED Back-lighting for smart functionality', 'http://placeimg.com/640/480/business', 0),
(206, 'Ergonomic Metal Shirt', '590', 1, 9, 'New range of formal shirts are designed keeping you in mind. With fits and styling that will make you stand apart', 'http://placeimg.com/640/480/business', 23),
(207, 'Awesome Steel Chair', '453', 1, 3, 'Carbonite web goalkeeper gloves are ergonomically designed to give easy fit', 'http://placeimg.com/640/480/business', 37),
(208, 'Rustic Concrete Towels', '725', 1, 2, 'The Nagasaki Lander is the trademarked name of several series of Nagasaki sport bikes, that started with the 1984 ABC800J', 'http://placeimg.com/640/480/business', 18),
(209, 'Awesome Frozen Hat', '574', 1, 7, 'New ABC 13 9370, 13.3, 5th Gen CoreA5-8250U, 8GB RAM, 256GB SSD, power UHD Graphics, OS 10 Home, OS Office A & J 2016', 'http://placeimg.com/640/480/business', 6),
(210, 'Handcrafted Metal Pizza', '90', 1, 8, 'The Apollotech B340 is an affordable wireless mouse with reliable connectivity, 12 months battery life and modern design', 'http://placeimg.com/640/480/business', 30),
(211, 'Awesome Metal Hat', '604', 1, 3, 'The beautiful range of Apple Naturalé that has an exciting mix of natural ingredients. With the Goodness of 100% Natural Ingredients', 'http://placeimg.com/640/480/business', 45),
(212, 'Fantastic Metal Chair', '76', 1, 6, 'Ergonomic executive chair upholstered in bonded black leather and PVC padded seat and back for all-day comfort and support', 'http://placeimg.com/640/480/business', 16),
(213, 'Sleek Fresh Chicken', '608', 1, 11, 'The Apollotech B340 is an affordable wireless mouse with reliable connectivity, 12 months battery life and modern design', 'http://placeimg.com/640/480/business', 39),
(214, 'Rustic Metal Shoes', '172', 1, 10, 'The beautiful range of Apple Naturalé that has an exciting mix of natural ingredients. With the Goodness of 100% Natural Ingredients', 'http://placeimg.com/640/480/business', 19),
(215, 'Unbranded Concrete Chicken', '854', 1, 2, 'The Nagasaki Lander is the trademarked name of several series of Nagasaki sport bikes, that started with the 1984 ABC800J', 'http://placeimg.com/640/480/business', 19),
(216, 'Handmade Rubber Ball', '591', 1, 13, 'The Nagasaki Lander is the trademarked name of several series of Nagasaki sport bikes, that started with the 1984 ABC800J', 'http://placeimg.com/640/480/business', 47),
(217, 'Tasty Fresh Salad', '178', 1, 6, 'The beautiful range of Apple Naturalé that has an exciting mix of natural ingredients. With the Goodness of 100% Natural Ingredients', 'http://placeimg.com/640/480/business', 23),
(218, 'Refined Wooden Chips', '411', 1, 7, 'The Nagasaki Lander is the trademarked name of several series of Nagasaki sport bikes, that started with the 1984 ABC800J', 'http://placeimg.com/640/480/business', 38),
(219, 'Intelligent Wooden Chips', '284', 1, 6, 'Carbonite web goalkeeper gloves are ergonomically designed to give easy fit', 'http://placeimg.com/640/480/business', 16),
(220, 'Ergonomic Granite Fish', '575', 1, 6, 'New ABC 13 9370, 13.3, 5th Gen CoreA5-8250U, 8GB RAM, 256GB SSD, power UHD Graphics, OS 10 Home, OS Office A & J 2016', 'http://placeimg.com/640/480/business', 10),
(221, 'Awesome Fresh Chicken', '605', 1, 0, 'The automobile layout consists of a front-engine design, with transaxle-type transmissions mounted at the rear of the engine and four wheel drive', 'http://placeimg.com/640/480/business', 39),
(222, 'Tasty Soft Keyboard', '46', 1, 5, 'The Football Is Good For Training And Recreational Purposes', 'http://placeimg.com/640/480/business', 19),
(223, 'Refined Wooden Chair', '169', 1, 2, 'Andy shoes are designed to keeping in mind durability as well as trends, the most stylish range of shoes & sandals', 'http://placeimg.com/640/480/business', 49),
(224, 'Refined Frozen Tuna', '885', 1, 2, 'Carbonite web goalkeeper gloves are ergonomically designed to give easy fit', 'http://placeimg.com/640/480/business', 3),
(225, 'Small Plastic Sausages', '4', 1, 10, 'The beautiful range of Apple Naturalé that has an exciting mix of natural ingredients. With the Goodness of 100% Natural Ingredients', 'http://placeimg.com/640/480/business', 39),
(226, 'Ergonomic Metal Pants', '93', 1, 0, 'Boston\'s most advanced compression wear technology increases muscle oxygenation, stabilizes active muscles', 'http://placeimg.com/640/480/business', 47),
(227, 'Gorgeous Soft Gloves', '622', 1, 7, 'New ABC 13 9370, 13.3, 5th Gen CoreA5-8250U, 8GB RAM, 256GB SSD, power UHD Graphics, OS 10 Home, OS Office A & J 2016', 'http://placeimg.com/640/480/business', 30),
(228, 'Practical Fresh Chicken', '870', 1, 12, 'The automobile layout consists of a front-engine design, with transaxle-type transmissions mounted at the rear of the engine and four wheel drive', 'http://placeimg.com/640/480/business', 31),
(229, 'Handmade Plastic Car', '954', 1, 6, 'Ergonomic executive chair upholstered in bonded black leather and PVC padded seat and back for all-day comfort and support', 'http://placeimg.com/640/480/business', 23),
(230, 'Intelligent Soft Sausages', '72', 1, 13, 'The Nagasaki Lander is the trademarked name of several series of Nagasaki sport bikes, that started with the 1984 ABC800J', 'http://placeimg.com/640/480/business', 40),
(231, 'Tasty Concrete Gloves', '851', 1, 3, 'The Apollotech B340 is an affordable wireless mouse with reliable connectivity, 12 months battery life and modern design', 'http://placeimg.com/640/480/business', 36),
(232, 'Handmade Fresh Bacon', '767', 1, 12, 'The Apollotech B340 is an affordable wireless mouse with reliable connectivity, 12 months battery life and modern design', 'http://placeimg.com/640/480/business', 24),
(233, 'Handmade Soft Towels', '721', 1, 14, 'The slim & simple Maple Gaming Keyboard from Dev Byte comes with a sleek body and 7- Color RGB LED Back-lighting for smart functionality', 'http://placeimg.com/640/480/business', 13),
(234, 'Gorgeous Fresh Bike', '178', 1, 2, 'Andy shoes are designed to keeping in mind durability as well as trends, the most stylish range of shoes & sandals', 'http://placeimg.com/640/480/business', 13),
(235, 'Licensed Soft Hat', '456', 1, 13, 'New range of formal shirts are designed keeping you in mind. With fits and styling that will make you stand apart', 'http://placeimg.com/640/480/business', 10),
(236, 'Unbranded Soft Chicken', '758', 1, 12, 'The automobile layout consists of a front-engine design, with transaxle-type transmissions mounted at the rear of the engine and four wheel drive', 'http://placeimg.com/640/480/business', 21),
(237, 'Generic Concrete Computer', '717', 1, 14, 'The slim & simple Maple Gaming Keyboard from Dev Byte comes with a sleek body and 7- Color RGB LED Back-lighting for smart functionality', 'http://placeimg.com/640/480/business', 45),
(238, 'Unbranded Cotton Keyboard', '276', 1, 12, 'Ergonomic executive chair upholstered in bonded black leather and PVC padded seat and back for all-day comfort and support', 'http://placeimg.com/640/480/business', 27),
(239, 'Gorgeous Soft Pants', '156', 1, 1, 'Ergonomic executive chair upholstered in bonded black leather and PVC padded seat and back for all-day comfort and support', 'http://placeimg.com/640/480/business', 2),
(240, 'Fantastic Soft Pants', '905', 1, 2, 'The beautiful range of Apple Naturalé that has an exciting mix of natural ingredients. With the Goodness of 100% Natural Ingredients', 'http://placeimg.com/640/480/business', 6),
(241, 'Ergonomic Soft Bike', '543', 1, 3, 'Carbonite web goalkeeper gloves are ergonomically designed to give easy fit', 'http://placeimg.com/640/480/business', 32),
(242, 'Sleek Granite Fish', '548', 1, 8, 'Ergonomic executive chair upholstered in bonded black leather and PVC padded seat and back for all-day comfort and support', 'http://placeimg.com/640/480/business', 29),
(243, 'Unbranded Frozen Computer', '723', 1, 13, 'The Apollotech B340 is an affordable wireless mouse with reliable connectivity, 12 months battery life and modern design', 'http://placeimg.com/640/480/business', 14),
(244, 'Incredible Granite Salad', '287', 1, 8, 'The beautiful range of Apple Naturalé that has an exciting mix of natural ingredients. With the Goodness of 100% Natural Ingredients', 'http://placeimg.com/640/480/business', 25);
INSERT INTO `products` (`id`, `name`, `price`, `category`, `brand`, `description`, `picture`, `units_in_stock`) VALUES
(245, 'Sleek Granite Table', '543', 1, 3, 'Ergonomic executive chair upholstered in bonded black leather and PVC padded seat and back for all-day comfort and support', 'http://placeimg.com/640/480/business', 42),
(246, 'Gorgeous Granite Mouse', '599', 1, 10, 'Andy shoes are designed to keeping in mind durability as well as trends, the most stylish range of shoes & sandals', 'http://placeimg.com/640/480/business', 47),
(247, 'Incredible Rubber Bacon', '37', 1, 12, 'The beautiful range of Apple Naturalé that has an exciting mix of natural ingredients. With the Goodness of 100% Natural Ingredients', 'http://placeimg.com/640/480/business', 11),
(248, 'Incredible Metal Keyboard', '523', 1, 4, 'Ergonomic executive chair upholstered in bonded black leather and PVC padded seat and back for all-day comfort and support', 'http://placeimg.com/640/480/business', 2),
(249, 'Handmade Concrete Shirt', '884', 1, 14, 'Andy shoes are designed to keeping in mind durability as well as trends, the most stylish range of shoes & sandals', 'http://placeimg.com/640/480/business', 36),
(250, 'Fantastic Steel Bacon', '738', 1, 4, 'Carbonite web goalkeeper gloves are ergonomically designed to give easy fit', 'http://placeimg.com/640/480/business', 0),
(251, 'Practical Metal Pants', '392', 1, 4, 'The beautiful range of Apple Naturalé that has an exciting mix of natural ingredients. With the Goodness of 100% Natural Ingredients', 'http://placeimg.com/640/480/business', 45),
(252, 'Rustic Rubber Tuna', '846', 1, 3, 'The beautiful range of Apple Naturalé that has an exciting mix of natural ingredients. With the Goodness of 100% Natural Ingredients', 'http://placeimg.com/640/480/business', 37),
(253, 'Fantastic Soft Chair', '623', 1, 1, 'The automobile layout consists of a front-engine design, with transaxle-type transmissions mounted at the rear of the engine and four wheel drive', 'http://placeimg.com/640/480/business', 19),
(254, 'Awesome Frozen Shoes', '875', 1, 1, 'The slim & simple Maple Gaming Keyboard from Dev Byte comes with a sleek body and 7- Color RGB LED Back-lighting for smart functionality', 'http://placeimg.com/640/480/business', 24),
(255, 'Incredible Rubber Keyboard', '182', 1, 12, 'Boston\'s most advanced compression wear technology increases muscle oxygenation, stabilizes active muscles', 'http://placeimg.com/640/480/business', 3),
(256, 'Incredible Concrete Shoes', '992', 1, 14, 'The Apollotech B340 is an affordable wireless mouse with reliable connectivity, 12 months battery life and modern design', 'http://placeimg.com/640/480/business', 19),
(257, 'Ergonomic Steel Towels', '89', 1, 11, 'New ABC 13 9370, 13.3, 5th Gen CoreA5-8250U, 8GB RAM, 256GB SSD, power UHD Graphics, OS 10 Home, OS Office A & J 2016', 'http://placeimg.com/640/480/business', 5),
(258, 'Awesome Cotton Hat', '338', 1, 12, 'The Apollotech B340 is an affordable wireless mouse with reliable connectivity, 12 months battery life and modern design', 'http://placeimg.com/640/480/business', 44),
(259, 'Incredible Wooden Car', '356', 1, 0, 'The Apollotech B340 is an affordable wireless mouse with reliable connectivity, 12 months battery life and modern design', 'http://placeimg.com/640/480/business', 33),
(260, 'Unbranded Granite Chair', '560', 1, 10, 'The slim & simple Maple Gaming Keyboard from Dev Byte comes with a sleek body and 7- Color RGB LED Back-lighting for smart functionality', 'http://placeimg.com/640/480/business', 45),
(261, 'Fantastic Metal Chicken', '744', 1, 1, 'Ergonomic executive chair upholstered in bonded black leather and PVC padded seat and back for all-day comfort and support', 'http://placeimg.com/640/480/business', 47),
(262, 'Refined Granite Salad', '392', 1, 7, 'The Football Is Good For Training And Recreational Purposes', 'http://placeimg.com/640/480/business', 44),
(263, 'Unbranded Wooden Fish', '952', 1, 10, 'The Football Is Good For Training And Recreational Purposes', 'http://placeimg.com/640/480/business', 17),
(264, 'Tasty Fresh Chair', '280', 1, 12, 'Carbonite web goalkeeper gloves are ergonomically designed to give easy fit', 'http://placeimg.com/640/480/business', 1),
(265, 'Refined Concrete Chips', '125', 1, 6, 'Boston\'s most advanced compression wear technology increases muscle oxygenation, stabilizes active muscles', 'http://placeimg.com/640/480/business', 48),
(266, 'Small Concrete Pizza', '628', 1, 8, 'The Football Is Good For Training And Recreational Purposes', 'http://placeimg.com/640/480/business', 46),
(267, 'Generic Concrete Pants', '719', 1, 10, 'The automobile layout consists of a front-engine design, with transaxle-type transmissions mounted at the rear of the engine and four wheel drive', 'http://placeimg.com/640/480/business', 47),
(268, 'Generic Concrete Bike', '948', 1, 14, 'New range of formal shirts are designed keeping you in mind. With fits and styling that will make you stand apart', 'http://placeimg.com/640/480/business', 20),
(269, 'Generic Cotton Hat', '316', 1, 9, 'The slim & simple Maple Gaming Keyboard from Dev Byte comes with a sleek body and 7- Color RGB LED Back-lighting for smart functionality', 'http://placeimg.com/640/480/business', 43),
(270, 'Handmade Soft Cheese', '579', 1, 13, 'Andy shoes are designed to keeping in mind durability as well as trends, the most stylish range of shoes & sandals', 'http://placeimg.com/640/480/business', 18),
(271, 'Gorgeous Frozen Towels', '208', 1, 3, 'The automobile layout consists of a front-engine design, with transaxle-type transmissions mounted at the rear of the engine and four wheel drive', 'http://placeimg.com/640/480/business', 21),
(272, 'Practical Concrete Soap', '307', 1, 7, 'Boston\'s most advanced compression wear technology increases muscle oxygenation, stabilizes active muscles', 'http://placeimg.com/640/480/business', 16),
(273, 'Unbranded Plastic Sausages', '342', 1, 3, 'The beautiful range of Apple Naturalé that has an exciting mix of natural ingredients. With the Goodness of 100% Natural Ingredients', 'http://placeimg.com/640/480/business', 16),
(274, 'Tasty Metal Tuna', '527', 1, 1, 'The beautiful range of Apple Naturalé that has an exciting mix of natural ingredients. With the Goodness of 100% Natural Ingredients', 'http://placeimg.com/640/480/business', 36),
(275, 'Intelligent Frozen Computer', '598', 1, 10, 'New ABC 13 9370, 13.3, 5th Gen CoreA5-8250U, 8GB RAM, 256GB SSD, power UHD Graphics, OS 10 Home, OS Office A & J 2016', 'http://placeimg.com/640/480/business', 1),
(276, 'Small Metal Pizza', '481', 1, 1, 'Ergonomic executive chair upholstered in bonded black leather and PVC padded seat and back for all-day comfort and support', 'http://placeimg.com/640/480/business', 36),
(277, 'Gorgeous Frozen Sausages', '530', 1, 7, 'The Nagasaki Lander is the trademarked name of several series of Nagasaki sport bikes, that started with the 1984 ABC800J', 'http://placeimg.com/640/480/business', 4),
(278, 'Awesome Soft Pizza', '765', 1, 11, 'Carbonite web goalkeeper gloves are ergonomically designed to give easy fit', 'http://placeimg.com/640/480/business', 43),
(279, 'Rustic Plastic Chair', '416', 1, 10, 'The Apollotech B340 is an affordable wireless mouse with reliable connectivity, 12 months battery life and modern design', 'http://placeimg.com/640/480/business', 28),
(280, 'Rustic Wooden Bike', '618', 1, 14, 'The Apollotech B340 is an affordable wireless mouse with reliable connectivity, 12 months battery life and modern design', 'http://placeimg.com/640/480/business', 18),
(281, 'Handmade Steel Chicken', '1000', 1, 7, 'The beautiful range of Apple Naturalé that has an exciting mix of natural ingredients. With the Goodness of 100% Natural Ingredients', 'http://placeimg.com/640/480/business', 46),
(282, 'Rustic Fresh Computer', '938', 1, 14, 'The Apollotech B340 is an affordable wireless mouse with reliable connectivity, 12 months battery life and modern design', 'http://placeimg.com/640/480/business', 28),
(283, 'Practical Metal Towels', '540', 1, 0, 'The Football Is Good For Training And Recreational Purposes', 'http://placeimg.com/640/480/business', 14),
(284, 'Sleek Metal Bacon', '972', 1, 6, 'Boston\'s most advanced compression wear technology increases muscle oxygenation, stabilizes active muscles', 'http://placeimg.com/640/480/business', 18),
(285, 'Unbranded Granite Chips', '895', 1, 11, 'Andy shoes are designed to keeping in mind durability as well as trends, the most stylish range of shoes & sandals', 'http://placeimg.com/640/480/business', 14),
(286, 'Small Frozen Sausages', '167', 1, 14, 'Carbonite web goalkeeper gloves are ergonomically designed to give easy fit', 'http://placeimg.com/640/480/business', 36),
(287, 'Fantastic Steel Chair', '702', 1, 3, 'Andy shoes are designed to keeping in mind durability as well as trends, the most stylish range of shoes & sandals', 'http://placeimg.com/640/480/business', 39),
(288, 'Licensed Frozen Bacon', '877', 1, 11, 'New range of formal shirts are designed keeping you in mind. With fits and styling that will make you stand apart', 'http://placeimg.com/640/480/business', 36),
(289, 'Generic Steel Soap', '473', 1, 1, 'The Nagasaki Lander is the trademarked name of several series of Nagasaki sport bikes, that started with the 1984 ABC800J', 'http://placeimg.com/640/480/business', 35),
(290, 'Handcrafted Steel Tuna', '841', 1, 7, 'The Football Is Good For Training And Recreational Purposes', 'http://placeimg.com/640/480/business', 21),
(291, 'Small Metal Towels', '753', 1, 5, 'The Apollotech B340 is an affordable wireless mouse with reliable connectivity, 12 months battery life and modern design', 'http://placeimg.com/640/480/business', 8),
(292, 'Fantastic Plastic Fish', '301', 1, 7, 'The slim & simple Maple Gaming Keyboard from Dev Byte comes with a sleek body and 7- Color RGB LED Back-lighting for smart functionality', 'http://placeimg.com/640/480/business', 25),
(293, 'Licensed Concrete Chair', '479', 1, 11, 'Andy shoes are designed to keeping in mind durability as well as trends, the most stylish range of shoes & sandals', 'http://placeimg.com/640/480/business', 14),
(294, 'Small Granite Chicken', '165', 1, 12, 'Andy shoes are designed to keeping in mind durability as well as trends, the most stylish range of shoes & sandals', 'http://placeimg.com/640/480/business', 23),
(295, 'Practical Soft Bike', '410', 1, 9, 'Ergonomic executive chair upholstered in bonded black leather and PVC padded seat and back for all-day comfort and support', 'http://placeimg.com/640/480/business', 7),
(296, 'Intelligent Plastic Pants', '225', 1, 11, 'The Nagasaki Lander is the trademarked name of several series of Nagasaki sport bikes, that started with the 1984 ABC800J', 'http://placeimg.com/640/480/business', 2),
(297, 'Handcrafted Steel Towels', '247', 1, 14, 'The Football Is Good For Training And Recreational Purposes', 'http://placeimg.com/640/480/business', 42),
(298, 'Tasty Frozen Car', '911', 1, 8, 'The Football Is Good For Training And Recreational Purposes', 'http://placeimg.com/640/480/business', 3),
(299, 'Rustic Steel Keyboard', '211', 1, 14, 'Carbonite web goalkeeper gloves are ergonomically designed to give easy fit', 'http://placeimg.com/640/480/business', 23),
(300, 'Gorgeous Plastic Bike', '725', 1, 7, 'Boston\'s most advanced compression wear technology increases muscle oxygenation, stabilizes active muscles', 'http://placeimg.com/640/480/business', 14),
(301, 'Ergonomic Steel Shirt', '936', 1, 6, 'The beautiful range of Apple Naturalé that has an exciting mix of natural ingredients. With the Goodness of 100% Natural Ingredients', 'http://placeimg.com/640/480/business', 36),
(302, 'Gorgeous Plastic Towels', '623', 1, 2, 'Boston\'s most advanced compression wear technology increases muscle oxygenation, stabilizes active muscles', 'http://placeimg.com/640/480/business', 33),
(303, 'Unbranded Concrete Sausages', '869', 1, 8, 'Ergonomic executive chair upholstered in bonded black leather and PVC padded seat and back for all-day comfort and support', 'http://placeimg.com/640/480/business', 31),
(304, 'Rustic Metal Keyboard', '967', 1, 13, 'The automobile layout consists of a front-engine design, with transaxle-type transmissions mounted at the rear of the engine and four wheel drive', 'http://placeimg.com/640/480/business', 37),
(305, 'Sleek Wooden Shoes', '398', 1, 0, 'The Football Is Good For Training And Recreational Purposes', 'http://placeimg.com/640/480/business', 18),
(306, 'Incredible Metal Fish', '136', 1, 2, 'New ABC 13 9370, 13.3, 5th Gen CoreA5-8250U, 8GB RAM, 256GB SSD, power UHD Graphics, OS 10 Home, OS Office A & J 2016', 'http://placeimg.com/640/480/business', 16),
(307, 'Ergonomic Metal Pants', '883', 1, 10, 'Boston\'s most advanced compression wear technology increases muscle oxygenation, stabilizes active muscles', 'http://placeimg.com/640/480/business', 11),
(308, 'Incredible Wooden Tuna', '852', 1, 7, 'New ABC 13 9370, 13.3, 5th Gen CoreA5-8250U, 8GB RAM, 256GB SSD, power UHD Graphics, OS 10 Home, OS Office A & J 2016', 'http://placeimg.com/640/480/business', 45),
(309, 'Tasty Plastic Gloves', '247', 1, 0, 'Andy shoes are designed to keeping in mind durability as well as trends, the most stylish range of shoes & sandals', 'http://placeimg.com/640/480/business', 45),
(310, 'Sleek Granite Ball', '145', 1, 10, 'Andy shoes are designed to keeping in mind durability as well as trends, the most stylish range of shoes & sandals', 'http://placeimg.com/640/480/business', 19),
(311, 'Gorgeous Wooden Mouse', '364', 1, 3, 'The Apollotech B340 is an affordable wireless mouse with reliable connectivity, 12 months battery life and modern design', 'http://placeimg.com/640/480/business', 18),
(312, 'Small Cotton Computer', '264', 1, 5, 'The beautiful range of Apple Naturalé that has an exciting mix of natural ingredients. With the Goodness of 100% Natural Ingredients', 'http://placeimg.com/640/480/business', 11),
(313, 'Ergonomic Frozen Cheese', '477', 1, 1, 'Ergonomic executive chair upholstered in bonded black leather and PVC padded seat and back for all-day comfort and support', 'http://placeimg.com/640/480/business', 48),
(314, 'Practical Granite Shirt', '47', 1, 12, 'New ABC 13 9370, 13.3, 5th Gen CoreA5-8250U, 8GB RAM, 256GB SSD, power UHD Graphics, OS 10 Home, OS Office A & J 2016', 'http://placeimg.com/640/480/business', 21),
(315, 'Tasty Rubber Bacon', '226', 1, 4, 'New range of formal shirts are designed keeping you in mind. With fits and styling that will make you stand apart', 'http://placeimg.com/640/480/business', 32),
(316, 'Fantastic Metal Fish', '463', 1, 10, 'The Football Is Good For Training And Recreational Purposes', 'http://placeimg.com/640/480/business', 48),
(317, 'Handcrafted Granite Mouse', '328', 1, 10, 'Boston\'s most advanced compression wear technology increases muscle oxygenation, stabilizes active muscles', 'http://placeimg.com/640/480/business', 49),
(318, 'Handmade Wooden Computer', '375', 1, 10, 'The Nagasaki Lander is the trademarked name of several series of Nagasaki sport bikes, that started with the 1984 ABC800J', 'http://placeimg.com/640/480/business', 45),
(319, 'Sleek Concrete Car', '648', 1, 5, 'The Nagasaki Lander is the trademarked name of several series of Nagasaki sport bikes, that started with the 1984 ABC800J', 'http://placeimg.com/640/480/business', 49),
(320, 'Ergonomic Steel Bacon', '676', 1, 7, 'The Football Is Good For Training And Recreational Purposes', 'http://placeimg.com/640/480/business', 41),
(321, 'Rustic Concrete Shirt', '241', 1, 9, 'Boston\'s most advanced compression wear technology increases muscle oxygenation, stabilizes active muscles', 'http://placeimg.com/640/480/business', 39),
(322, 'Rustic Metal Chips', '407', 1, 8, 'The slim & simple Maple Gaming Keyboard from Dev Byte comes with a sleek body and 7- Color RGB LED Back-lighting for smart functionality', 'http://placeimg.com/640/480/business', 40),
(323, 'Handcrafted Fresh Bacon', '285', 1, 6, 'The Apollotech B340 is an affordable wireless mouse with reliable connectivity, 12 months battery life and modern design', 'http://placeimg.com/640/480/business', 14),
(324, 'Fantastic Wooden Bike', '425', 1, 7, 'Boston\'s most advanced compression wear technology increases muscle oxygenation, stabilizes active muscles', 'http://placeimg.com/640/480/business', 23),
(325, 'Rustic Granite Cheese', '970', 1, 1, 'New ABC 13 9370, 13.3, 5th Gen CoreA5-8250U, 8GB RAM, 256GB SSD, power UHD Graphics, OS 10 Home, OS Office A & J 2016', 'http://placeimg.com/640/480/business', 27),
(326, 'Small Soft Chicken', '874', 1, 1, 'New ABC 13 9370, 13.3, 5th Gen CoreA5-8250U, 8GB RAM, 256GB SSD, power UHD Graphics, OS 10 Home, OS Office A & J 2016', 'http://placeimg.com/640/480/business', 33),
(327, 'Gorgeous Concrete Bike', '920', 1, 11, 'The beautiful range of Apple Naturalé that has an exciting mix of natural ingredients. With the Goodness of 100% Natural Ingredients', 'http://placeimg.com/640/480/business', 37),
(328, 'Tasty Steel Pizza', '818', 1, 5, 'New ABC 13 9370, 13.3, 5th Gen CoreA5-8250U, 8GB RAM, 256GB SSD, power UHD Graphics, OS 10 Home, OS Office A & J 2016', 'http://placeimg.com/640/480/business', 1),
(329, 'Handcrafted Cotton Hat', '597', 1, 5, 'The Apollotech B340 is an affordable wireless mouse with reliable connectivity, 12 months battery life and modern design', 'http://placeimg.com/640/480/business', 8),
(330, 'Ergonomic Plastic Bacon', '459', 1, 4, 'Boston\'s most advanced compression wear technology increases muscle oxygenation, stabilizes active muscles', 'http://placeimg.com/640/480/business', 31),
(331, 'Refined Wooden Ball', '532', 1, 0, 'Carbonite web goalkeeper gloves are ergonomically designed to give easy fit', 'http://placeimg.com/640/480/business', 32),
(332, 'Rustic Concrete Towels', '382', 1, 12, 'The automobile layout consists of a front-engine design, with transaxle-type transmissions mounted at the rear of the engine and four wheel drive', 'http://placeimg.com/640/480/business', 38),
(333, 'Fantastic Wooden Hat', '815', 1, 2, 'The Apollotech B340 is an affordable wireless mouse with reliable connectivity, 12 months battery life and modern design', 'http://placeimg.com/640/480/business', 42),
(334, 'Tasty Concrete Computer', '383', 1, 6, 'The Nagasaki Lander is the trademarked name of several series of Nagasaki sport bikes, that started with the 1984 ABC800J', 'http://placeimg.com/640/480/business', 7),
(335, 'Rustic Metal Shoes', '689', 1, 4, 'The slim & simple Maple Gaming Keyboard from Dev Byte comes with a sleek body and 7- Color RGB LED Back-lighting for smart functionality', 'http://placeimg.com/640/480/business', 42),
(336, 'Generic Rubber Bacon', '428', 1, 2, 'The automobile layout consists of a front-engine design, with transaxle-type transmissions mounted at the rear of the engine and four wheel drive', 'http://placeimg.com/640/480/business', 20),
(337, 'Licensed Metal Chicken', '795', 1, 1, 'Andy shoes are designed to keeping in mind durability as well as trends, the most stylish range of shoes & sandals', 'http://placeimg.com/640/480/business', 42),
(338, 'Practical Rubber Gloves', '109', 1, 1, 'The slim & simple Maple Gaming Keyboard from Dev Byte comes with a sleek body and 7- Color RGB LED Back-lighting for smart functionality', 'http://placeimg.com/640/480/business', 8),
(339, 'Tasty Metal Keyboard', '578', 1, 12, 'Carbonite web goalkeeper gloves are ergonomically designed to give easy fit', 'http://placeimg.com/640/480/business', 23),
(340, 'Handcrafted Cotton Pizza', '20', 1, 7, 'The slim & simple Maple Gaming Keyboard from Dev Byte comes with a sleek body and 7- Color RGB LED Back-lighting for smart functionality', 'http://placeimg.com/640/480/business', 2),
(341, 'Intelligent Cotton Ball', '776', 1, 13, 'New ABC 13 9370, 13.3, 5th Gen CoreA5-8250U, 8GB RAM, 256GB SSD, power UHD Graphics, OS 10 Home, OS Office A & J 2016', 'http://placeimg.com/640/480/business', 45),
(342, 'Awesome Cotton Salad', '733', 1, 8, 'Boston\'s most advanced compression wear technology increases muscle oxygenation, stabilizes active muscles', 'http://placeimg.com/640/480/business', 9),
(343, 'Fantastic Metal Sausages', '393', 1, 1, 'Boston\'s most advanced compression wear technology increases muscle oxygenation, stabilizes active muscles', 'http://placeimg.com/640/480/business', 2),
(344, 'Licensed Concrete Salad', '11', 1, 14, 'Boston\'s most advanced compression wear technology increases muscle oxygenation, stabilizes active muscles', 'http://placeimg.com/640/480/business', 41),
(345, 'Handmade Granite Pants', '77', 1, 2, 'Boston\'s most advanced compression wear technology increases muscle oxygenation, stabilizes active muscles', 'http://placeimg.com/640/480/business', 4),
(346, 'Practical Soft Chicken', '371', 1, 8, 'New range of formal shirts are designed keeping you in mind. With fits and styling that will make you stand apart', 'http://placeimg.com/640/480/business', 20),
(347, 'Tasty Concrete Ball', '777', 1, 3, 'Ergonomic executive chair upholstered in bonded black leather and PVC padded seat and back for all-day comfort and support', 'http://placeimg.com/640/480/business', 45),
(348, 'Rustic Fresh Chips', '673', 1, 10, 'The automobile layout consists of a front-engine design, with transaxle-type transmissions mounted at the rear of the engine and four wheel drive', 'http://placeimg.com/640/480/business', 30),
(349, 'Refined Fresh Computer', '399', 1, 10, 'The Nagasaki Lander is the trademarked name of several series of Nagasaki sport bikes, that started with the 1984 ABC800J', 'http://placeimg.com/640/480/business', 8),
(350, 'Ergonomic Cotton Shirt', '253', 1, 4, 'Boston\'s most advanced compression wear technology increases muscle oxygenation, stabilizes active muscles', 'http://placeimg.com/640/480/business', 45),
(351, 'Refined Fresh Ball', '534', 1, 12, 'The Nagasaki Lander is the trademarked name of several series of Nagasaki sport bikes, that started with the 1984 ABC800J', 'http://placeimg.com/640/480/business', 25),
(352, 'Handcrafted Wooden Computer', '224', 1, 0, 'The Nagasaki Lander is the trademarked name of several series of Nagasaki sport bikes, that started with the 1984 ABC800J', 'http://placeimg.com/640/480/business', 42),
(353, 'Gorgeous Wooden Chips', '919', 1, 4, 'New ABC 13 9370, 13.3, 5th Gen CoreA5-8250U, 8GB RAM, 256GB SSD, power UHD Graphics, OS 10 Home, OS Office A & J 2016', 'http://placeimg.com/640/480/business', 45),
(354, 'Unbranded Granite Gloves', '618', 1, 3, 'Ergonomic executive chair upholstered in bonded black leather and PVC padded seat and back for all-day comfort and support', 'http://placeimg.com/640/480/business', 21),
(355, 'Gorgeous Rubber Gloves', '721', 1, 0, 'Andy shoes are designed to keeping in mind durability as well as trends, the most stylish range of shoes & sandals', 'http://placeimg.com/640/480/business', 0),
(356, 'Small Concrete Salad', '865', 1, 1, 'New range of formal shirts are designed keeping you in mind. With fits and styling that will make you stand apart', 'http://placeimg.com/640/480/business', 12),
(357, 'Intelligent Cotton Pizza', '780', 1, 8, 'The automobile layout consists of a front-engine design, with transaxle-type transmissions mounted at the rear of the engine and four wheel drive', 'http://placeimg.com/640/480/business', 11),
(358, 'Fantastic Concrete Fish', '819', 1, 2, 'The Apollotech B340 is an affordable wireless mouse with reliable connectivity, 12 months battery life and modern design', 'http://placeimg.com/640/480/business', 34),
(359, 'Incredible Steel Computer', '213', 1, 4, 'New ABC 13 9370, 13.3, 5th Gen CoreA5-8250U, 8GB RAM, 256GB SSD, power UHD Graphics, OS 10 Home, OS Office A & J 2016', 'http://placeimg.com/640/480/business', 12),
(360, 'Unbranded Cotton Table', '751', 1, 12, 'The Football Is Good For Training And Recreational Purposes', 'http://placeimg.com/640/480/business', 31),
(361, 'Refined Soft Chips', '780', 1, 6, 'The slim & simple Maple Gaming Keyboard from Dev Byte comes with a sleek body and 7- Color RGB LED Back-lighting for smart functionality', 'http://placeimg.com/640/480/business', 49),
(362, 'Generic Metal Shirt', '806', 1, 3, 'Andy shoes are designed to keeping in mind durability as well as trends, the most stylish range of shoes & sandals', 'http://placeimg.com/640/480/business', 29),
(363, 'Rustic Steel Mouse', '775', 1, 14, 'The beautiful range of Apple Naturalé that has an exciting mix of natural ingredients. With the Goodness of 100% Natural Ingredients', 'http://placeimg.com/640/480/business', 33),
(364, 'Ergonomic Steel Fish', '941', 1, 3, 'The Nagasaki Lander is the trademarked name of several series of Nagasaki sport bikes, that started with the 1984 ABC800J', 'http://placeimg.com/640/480/business', 37),
(365, 'Unbranded Soft Chips', '372', 1, 3, 'The automobile layout consists of a front-engine design, with transaxle-type transmissions mounted at the rear of the engine and four wheel drive', 'http://placeimg.com/640/480/business', 27),
(366, 'Intelligent Metal Mouse', '719', 1, 3, 'The automobile layout consists of a front-engine design, with transaxle-type transmissions mounted at the rear of the engine and four wheel drive', 'http://placeimg.com/640/480/business', 44),
(367, 'Handmade Metal Cheese', '132', 1, 10, 'Carbonite web goalkeeper gloves are ergonomically designed to give easy fit', 'http://placeimg.com/640/480/business', 12),
(368, 'Handcrafted Wooden Table', '683', 1, 9, 'Boston\'s most advanced compression wear technology increases muscle oxygenation, stabilizes active muscles', 'http://placeimg.com/640/480/business', 47),
(369, 'Fantastic Cotton Gloves', '441', 1, 10, 'Boston\'s most advanced compression wear technology increases muscle oxygenation, stabilizes active muscles', 'http://placeimg.com/640/480/business', 43),
(370, 'Unbranded Steel Salad', '934', 1, 6, 'The Nagasaki Lander is the trademarked name of several series of Nagasaki sport bikes, that started with the 1984 ABC800J', 'http://placeimg.com/640/480/business', 8),
(371, 'Small Rubber Salad', '537', 1, 13, 'The Apollotech B340 is an affordable wireless mouse with reliable connectivity, 12 months battery life and modern design', 'http://placeimg.com/640/480/business', 44),
(372, 'Handmade Metal Shoes', '363', 1, 13, 'The Football Is Good For Training And Recreational Purposes', 'http://placeimg.com/640/480/business', 32),
(373, 'Sleek Cotton Ball', '720', 1, 3, 'The Apollotech B340 is an affordable wireless mouse with reliable connectivity, 12 months battery life and modern design', 'http://placeimg.com/640/480/business', 9),
(374, 'Fantastic Soft Gloves', '823', 1, 14, 'The Nagasaki Lander is the trademarked name of several series of Nagasaki sport bikes, that started with the 1984 ABC800J', 'http://placeimg.com/640/480/business', 19),
(375, 'Licensed Concrete Sausages', '219', 1, 11, 'New range of formal shirts are designed keeping you in mind. With fits and styling that will make you stand apart', 'http://placeimg.com/640/480/business', 21),
(376, 'Licensed Rubber Keyboard', '24', 1, 14, 'The Apollotech B340 is an affordable wireless mouse with reliable connectivity, 12 months battery life and modern design', 'http://placeimg.com/640/480/business', 20),
(377, 'Licensed Frozen Gloves', '874', 1, 2, 'Boston\'s most advanced compression wear technology increases muscle oxygenation, stabilizes active muscles', 'http://placeimg.com/640/480/business', 26),
(378, 'Handmade Cotton Shirt', '931', 1, 1, 'Carbonite web goalkeeper gloves are ergonomically designed to give easy fit', 'http://placeimg.com/640/480/business', 20),
(379, 'Unbranded Fresh Bike', '869', 1, 12, 'The slim & simple Maple Gaming Keyboard from Dev Byte comes with a sleek body and 7- Color RGB LED Back-lighting for smart functionality', 'http://placeimg.com/640/480/business', 41),
(380, 'Unbranded Concrete Fish', '398', 1, 14, 'Boston\'s most advanced compression wear technology increases muscle oxygenation, stabilizes active muscles', 'http://placeimg.com/640/480/business', 16),
(381, 'Incredible Metal Fish', '665', 1, 5, 'Ergonomic executive chair upholstered in bonded black leather and PVC padded seat and back for all-day comfort and support', 'http://placeimg.com/640/480/business', 8),
(382, 'Licensed Cotton Hat', '442', 1, 7, 'The Nagasaki Lander is the trademarked name of several series of Nagasaki sport bikes, that started with the 1984 ABC800J', 'http://placeimg.com/640/480/business', 43),
(383, 'Sleek Steel Pizza', '899', 1, 0, 'The beautiful range of Apple Naturalé that has an exciting mix of natural ingredients. With the Goodness of 100% Natural Ingredients', 'http://placeimg.com/640/480/business', 21),
(384, 'Tasty Metal Shoes', '620', 1, 9, 'Andy shoes are designed to keeping in mind durability as well as trends, the most stylish range of shoes & sandals', 'http://placeimg.com/640/480/business', 41),
(385, 'Ergonomic Plastic Soap', '485', 1, 3, 'The Apollotech B340 is an affordable wireless mouse with reliable connectivity, 12 months battery life and modern design', 'http://placeimg.com/640/480/business', 34),
(386, 'Small Metal Sausages', '862', 1, 14, 'The Nagasaki Lander is the trademarked name of several series of Nagasaki sport bikes, that started with the 1984 ABC800J', 'http://placeimg.com/640/480/business', 33),
(387, 'Handmade Cotton Soap', '445', 1, 13, 'The automobile layout consists of a front-engine design, with transaxle-type transmissions mounted at the rear of the engine and four wheel drive', 'http://placeimg.com/640/480/business', 35),
(388, 'Refined Rubber Shirt', '526', 1, 5, 'Andy shoes are designed to keeping in mind durability as well as trends, the most stylish range of shoes & sandals', 'http://placeimg.com/640/480/business', 40),
(389, 'Licensed Cotton Chicken', '734', 1, 10, 'New ABC 13 9370, 13.3, 5th Gen CoreA5-8250U, 8GB RAM, 256GB SSD, power UHD Graphics, OS 10 Home, OS Office A & J 2016', 'http://placeimg.com/640/480/business', 37),
(390, 'Incredible Rubber Shirt', '288', 1, 12, 'New range of formal shirts are designed keeping you in mind. With fits and styling that will make you stand apart', 'http://placeimg.com/640/480/business', 30),
(391, 'Awesome Steel Chips', '108', 1, 6, 'The Football Is Good For Training And Recreational Purposes', 'http://placeimg.com/640/480/business', 25),
(392, 'Awesome Rubber Mouse', '751', 1, 0, 'New ABC 13 9370, 13.3, 5th Gen CoreA5-8250U, 8GB RAM, 256GB SSD, power UHD Graphics, OS 10 Home, OS Office A & J 2016', 'http://placeimg.com/640/480/business', 19),
(393, 'Refined Steel Car', '843', 1, 6, 'Andy shoes are designed to keeping in mind durability as well as trends, the most stylish range of shoes & sandals', 'http://placeimg.com/640/480/business', 6),
(394, 'Gorgeous Steel Table', '112', 1, 14, 'The Football Is Good For Training And Recreational Purposes', 'http://placeimg.com/640/480/business', 6),
(395, 'Unbranded Wooden Bike', '594', 1, 5, 'Carbonite web goalkeeper gloves are ergonomically designed to give easy fit', 'http://placeimg.com/640/480/business', 33),
(396, 'Rustic Fresh Chicken', '175', 1, 5, 'New ABC 13 9370, 13.3, 5th Gen CoreA5-8250U, 8GB RAM, 256GB SSD, power UHD Graphics, OS 10 Home, OS Office A & J 2016', 'http://placeimg.com/640/480/business', 22),
(397, 'Incredible Plastic Ball', '168', 1, 8, 'Ergonomic executive chair upholstered in bonded black leather and PVC padded seat and back for all-day comfort and support', 'http://placeimg.com/640/480/business', 47),
(398, 'Practical Granite Computer', '976', 1, 10, 'Andy shoes are designed to keeping in mind durability as well as trends, the most stylish range of shoes & sandals', 'http://placeimg.com/640/480/business', 10),
(399, 'Ergonomic Plastic Salad', '826', 1, 11, 'Ergonomic executive chair upholstered in bonded black leather and PVC padded seat and back for all-day comfort and support', 'http://placeimg.com/640/480/business', 37),
(400, 'Unbranded Steel Keyboard', '297', 1, 5, 'Ergonomic executive chair upholstered in bonded black leather and PVC padded seat and back for all-day comfort and support', 'http://placeimg.com/640/480/business', 13),
(401, 'Rustic Plastic Sausages', '3', 1, 2, 'New range of formal shirts are designed keeping you in mind. With fits and styling that will make you stand apart', 'http://placeimg.com/640/480/business', 22),
(402, 'Refined Granite Computer', '136', 1, 11, 'The beautiful range of Apple Naturalé that has an exciting mix of natural ingredients. With the Goodness of 100% Natural Ingredients', 'http://placeimg.com/640/480/business', 4),
(403, 'Awesome Frozen Tuna', '301', 2, 1, 'The automobile layout consists of a front-engine design, with transaxle-type transmissions mounted at the rear of the engine and four wheel drive', 'http://placeimg.com/640/480/business', 17),
(404, 'Gorgeous Fresh Sausages', '175', 2, 5, 'New ABC 13 9370, 13.3, 5th Gen CoreA5-8250U, 8GB RAM, 256GB SSD, power UHD Graphics, OS 10 Home, OS Office A & J 2016', 'http://placeimg.com/640/480/business', 14),
(405, 'Incredible Granite Fish', '257', 2, 1, 'The automobile layout consists of a front-engine design, with transaxle-type transmissions mounted at the rear of the engine and four wheel drive', 'http://placeimg.com/640/480/business', 6),
(406, 'Sleek Plastic Keyboard', '746', 2, 7, 'New range of formal shirts are designed keeping you in mind. With fits and styling that will make you stand apart', 'http://placeimg.com/640/480/business', 17),
(407, 'Refined Rubber Shirt', '554', 2, 7, 'Andy shoes are designed to keeping in mind durability as well as trends, the most stylish range of shoes & sandals', 'http://placeimg.com/640/480/business', 4),
(408, 'Small Metal Hat', '877', 2, 9, 'Boston\'s most advanced compression wear technology increases muscle oxygenation, stabilizes active muscles', 'http://placeimg.com/640/480/business', 15),
(409, 'Handcrafted Rubber Bike', '820', 2, 6, 'New ABC 13 9370, 13.3, 5th Gen CoreA5-8250U, 8GB RAM, 256GB SSD, power UHD Graphics, OS 10 Home, OS Office A & J 2016', 'http://placeimg.com/640/480/business', 0),
(410, 'Licensed Metal Tuna', '347', 2, 5, 'New ABC 13 9370, 13.3, 5th Gen CoreA5-8250U, 8GB RAM, 256GB SSD, power UHD Graphics, OS 10 Home, OS Office A & J 2016', 'http://placeimg.com/640/480/business', 16),
(411, 'Tasty Soft Fish', '217', 2, 3, 'Carbonite web goalkeeper gloves are ergonomically designed to give easy fit', 'http://placeimg.com/640/480/business', 1),
(412, 'Handcrafted Fresh Hat', '867', 2, 7, 'The Football Is Good For Training And Recreational Purposes', 'http://placeimg.com/640/480/business', 10),
(413, 'Intelligent Metal Towels', '512', 2, 5, 'The Football Is Good For Training And Recreational Purposes', 'http://placeimg.com/640/480/business', 5),
(414, 'Incredible Metal Mouse', '979', 2, 7, 'Carbonite web goalkeeper gloves are ergonomically designed to give easy fit', 'http://placeimg.com/640/480/business', 5),
(415, 'Sleek Cotton Chicken', '28', 2, 3, 'New ABC 13 9370, 13.3, 5th Gen CoreA5-8250U, 8GB RAM, 256GB SSD, power UHD Graphics, OS 10 Home, OS Office A & J 2016', 'http://placeimg.com/640/480/business', 8),
(416, 'Licensed Cotton Bike', '445', 2, 13, 'The Apollotech B340 is an affordable wireless mouse with reliable connectivity, 12 months battery life and modern design', 'http://placeimg.com/640/480/business', 3),
(417, 'Handcrafted Soft Hat', '127', 2, 7, 'Ergonomic executive chair upholstered in bonded black leather and PVC padded seat and back for all-day comfort and support', 'http://placeimg.com/640/480/business', 8),
(418, 'Awesome Steel Pizza', '425', 2, 5, 'The Apollotech B340 is an affordable wireless mouse with reliable connectivity, 12 months battery life and modern design', 'http://placeimg.com/640/480/business', 19),
(419, 'Unbranded Rubber Chips', '69', 2, 1, 'The beautiful range of Apple Naturalé that has an exciting mix of natural ingredients. With the Goodness of 100% Natural Ingredients', 'http://placeimg.com/640/480/business', 19),
(420, 'Generic Rubber Soap', '72', 2, 3, 'Boston\'s most advanced compression wear technology increases muscle oxygenation, stabilizes active muscles', 'http://placeimg.com/640/480/business', 13),
(421, 'Practical Soft Fish', '626', 2, 6, 'New ABC 13 9370, 13.3, 5th Gen CoreA5-8250U, 8GB RAM, 256GB SSD, power UHD Graphics, OS 10 Home, OS Office A & J 2016', 'http://placeimg.com/640/480/business', 16),
(422, 'Generic Soft Bike', '476', 2, 1, 'The automobile layout consists of a front-engine design, with transaxle-type transmissions mounted at the rear of the engine and four wheel drive', 'http://placeimg.com/640/480/business', 18),
(423, 'Handmade Soft Mouse', '369', 2, 0, 'The beautiful range of Apple Naturalé that has an exciting mix of natural ingredients. With the Goodness of 100% Natural Ingredients', 'http://placeimg.com/640/480/business', 3),
(424, 'Generic Wooden Sausages', '671', 2, 1, 'New range of formal shirts are designed keeping you in mind. With fits and styling that will make you stand apart', 'http://placeimg.com/640/480/business', 5),
(425, 'Gorgeous Plastic Chicken', '583', 2, 3, 'The automobile layout consists of a front-engine design, with transaxle-type transmissions mounted at the rear of the engine and four wheel drive', 'http://placeimg.com/640/480/business', 8),
(426, 'Incredible Concrete Shoes', '485', 2, 3, 'Boston\'s most advanced compression wear technology increases muscle oxygenation, stabilizes active muscles', 'http://placeimg.com/640/480/business', 11),
(427, 'Licensed Cotton Towels', '928', 2, 9, 'The Apollotech B340 is an affordable wireless mouse with reliable connectivity, 12 months battery life and modern design', 'http://placeimg.com/640/480/business', 18),
(428, 'Generic Plastic Bike', '417', 2, 3, 'The slim & simple Maple Gaming Keyboard from Dev Byte comes with a sleek body and 7- Color RGB LED Back-lighting for smart functionality', 'http://placeimg.com/640/480/business', 13),
(429, 'Handmade Rubber Hat', '503', 2, 3, 'The Nagasaki Lander is the trademarked name of several series of Nagasaki sport bikes, that started with the 1984 ABC800J', 'http://placeimg.com/640/480/business', 11),
(430, 'Incredible Concrete Keyboard', '214', 2, 11, 'Ergonomic executive chair upholstered in bonded black leather and PVC padded seat and back for all-day comfort and support', 'http://placeimg.com/640/480/business', 6),
(431, 'Gorgeous Steel Table', '148', 2, 6, 'Carbonite web goalkeeper gloves are ergonomically designed to give easy fit', 'http://placeimg.com/640/480/business', 17),
(432, 'Unbranded Soft Salad', '329', 2, 7, 'New range of formal shirts are designed keeping you in mind. With fits and styling that will make you stand apart', 'http://placeimg.com/640/480/business', 17),
(433, 'Small Steel Gloves', '760', 2, 5, 'The slim & simple Maple Gaming Keyboard from Dev Byte comes with a sleek body and 7- Color RGB LED Back-lighting for smart functionality', 'http://placeimg.com/640/480/business', 16),
(434, 'Awesome Rubber Towels', '300', 2, 6, 'New range of formal shirts are designed keeping you in mind. With fits and styling that will make you stand apart', 'http://placeimg.com/640/480/business', 6),
(435, 'Handmade Granite Bike', '917', 2, 9, 'Andy shoes are designed to keeping in mind durability as well as trends, the most stylish range of shoes & sandals', 'http://placeimg.com/640/480/business', 7),
(436, 'Rustic Rubber Table', '403', 2, 8, 'The automobile layout consists of a front-engine design, with transaxle-type transmissions mounted at the rear of the engine and four wheel drive', 'http://placeimg.com/640/480/business', 0),
(437, 'Refined Frozen Towels', '679', 2, 8, 'New ABC 13 9370, 13.3, 5th Gen CoreA5-8250U, 8GB RAM, 256GB SSD, power UHD Graphics, OS 10 Home, OS Office A & J 2016', 'http://placeimg.com/640/480/business', 5),
(438, 'Generic Metal Table', '393', 2, 13, 'Boston\'s most advanced compression wear technology increases muscle oxygenation, stabilizes active muscles', 'http://placeimg.com/640/480/business', 8),
(439, 'Licensed Concrete Chips', '100', 2, 3, 'Boston\'s most advanced compression wear technology increases muscle oxygenation, stabilizes active muscles', 'http://placeimg.com/640/480/business', 0),
(440, 'Refined Metal Shoes', '815', 2, 3, 'Andy shoes are designed to keeping in mind durability as well as trends, the most stylish range of shoes & sandals', 'http://placeimg.com/640/480/business', 9),
(441, 'Handcrafted Metal Hat', '740', 2, 14, 'Andy shoes are designed to keeping in mind durability as well as trends, the most stylish range of shoes & sandals', 'http://placeimg.com/640/480/business', 10),
(442, 'Intelligent Concrete Pants', '659', 2, 14, 'The beautiful range of Apple Naturalé that has an exciting mix of natural ingredients. With the Goodness of 100% Natural Ingredients', 'http://placeimg.com/640/480/business', 3),
(443, 'Unbranded Granite Chicken', '852', 2, 11, 'New range of formal shirts are designed keeping you in mind. With fits and styling that will make you stand apart', 'http://placeimg.com/640/480/business', 9),
(444, 'Awesome Metal Fish', '94', 2, 3, 'The automobile layout consists of a front-engine design, with transaxle-type transmissions mounted at the rear of the engine and four wheel drive', 'http://placeimg.com/640/480/business', 19),
(445, 'Generic Soft Tuna', '655', 2, 5, 'Boston\'s most advanced compression wear technology increases muscle oxygenation, stabilizes active muscles', 'http://placeimg.com/640/480/business', 6),
(446, 'Rustic Plastic Cheese', '602', 2, 5, 'The beautiful range of Apple Naturalé that has an exciting mix of natural ingredients. With the Goodness of 100% Natural Ingredients', 'http://placeimg.com/640/480/business', 3),
(447, 'Generic Soft Salad', '892', 2, 6, 'The Nagasaki Lander is the trademarked name of several series of Nagasaki sport bikes, that started with the 1984 ABC800J', 'http://placeimg.com/640/480/business', 4),
(448, 'Awesome Fresh Ball', '126', 2, 1, 'New ABC 13 9370, 13.3, 5th Gen CoreA5-8250U, 8GB RAM, 256GB SSD, power UHD Graphics, OS 10 Home, OS Office A & J 2016', 'http://placeimg.com/640/480/business', 9),
(449, 'Awesome Granite Keyboard', '112', 2, 7, 'The beautiful range of Apple Naturalé that has an exciting mix of natural ingredients. With the Goodness of 100% Natural Ingredients', 'http://placeimg.com/640/480/business', 13),
(450, 'Fantastic Concrete Shoes', '116', 2, 10, 'The Apollotech B340 is an affordable wireless mouse with reliable connectivity, 12 months battery life and modern design', 'http://placeimg.com/640/480/business', 16),
(451, 'Practical Granite Mouse', '612', 2, 1, 'The slim & simple Maple Gaming Keyboard from Dev Byte comes with a sleek body and 7- Color RGB LED Back-lighting for smart functionality', 'http://placeimg.com/640/480/business', 6),
(452, 'Handmade Concrete Towels', '347', 2, 13, 'New ABC 13 9370, 13.3, 5th Gen CoreA5-8250U, 8GB RAM, 256GB SSD, power UHD Graphics, OS 10 Home, OS Office A & J 2016', 'http://placeimg.com/640/480/business', 13),
(453, 'Gorgeous Fresh Chips', '28', 2, 6, 'The beautiful range of Apple Naturalé that has an exciting mix of natural ingredients. With the Goodness of 100% Natural Ingredients', 'http://placeimg.com/640/480/business', 4),
(454, 'Small Plastic Shoes', '347', 2, 11, 'New ABC 13 9370, 13.3, 5th Gen CoreA5-8250U, 8GB RAM, 256GB SSD, power UHD Graphics, OS 10 Home, OS Office A & J 2016', 'http://placeimg.com/640/480/business', 17),
(455, 'Handcrafted Soft Pizza', '182', 2, 10, 'Ergonomic executive chair upholstered in bonded black leather and PVC padded seat and back for all-day comfort and support', 'http://placeimg.com/640/480/business', 2),
(456, 'Handcrafted Soft Sausages', '598', 2, 8, 'The Nagasaki Lander is the trademarked name of several series of Nagasaki sport bikes, that started with the 1984 ABC800J', 'http://placeimg.com/640/480/business', 12),
(457, 'Refined Frozen Computer', '583', 2, 7, 'The Nagasaki Lander is the trademarked name of several series of Nagasaki sport bikes, that started with the 1984 ABC800J', 'http://placeimg.com/640/480/business', 17),
(458, 'Sleek Soft Table', '997', 2, 11, 'Andy shoes are designed to keeping in mind durability as well as trends, the most stylish range of shoes & sandals', 'http://placeimg.com/640/480/business', 16),
(459, 'Small Granite Computer', '844', 2, 0, 'The Apollotech B340 is an affordable wireless mouse with reliable connectivity, 12 months battery life and modern design', 'http://placeimg.com/640/480/business', 0),
(460, 'Awesome Fresh Gloves', '9', 2, 10, 'The Football Is Good For Training And Recreational Purposes', 'http://placeimg.com/640/480/business', 5),
(461, 'Incredible Fresh Gloves', '380', 2, 6, 'The Nagasaki Lander is the trademarked name of several series of Nagasaki sport bikes, that started with the 1984 ABC800J', 'http://placeimg.com/640/480/business', 7),
(462, 'Awesome Metal Tuna', '905', 2, 13, 'The automobile layout consists of a front-engine design, with transaxle-type transmissions mounted at the rear of the engine and four wheel drive', 'http://placeimg.com/640/480/business', 0),
(463, 'Licensed Wooden Computer', '313', 2, 5, 'Ergonomic executive chair upholstered in bonded black leather and PVC padded seat and back for all-day comfort and support', 'http://placeimg.com/640/480/business', 10),
(464, 'Refined Rubber Bacon', '122', 2, 3, 'New ABC 13 9370, 13.3, 5th Gen CoreA5-8250U, 8GB RAM, 256GB SSD, power UHD Graphics, OS 10 Home, OS Office A & J 2016', 'http://placeimg.com/640/480/business', 7),
(465, 'Refined Steel Car', '982', 2, 9, 'The beautiful range of Apple Naturalé that has an exciting mix of natural ingredients. With the Goodness of 100% Natural Ingredients', 'http://placeimg.com/640/480/business', 1),
(466, 'Unbranded Granite Salad', '449', 2, 4, 'The automobile layout consists of a front-engine design, with transaxle-type transmissions mounted at the rear of the engine and four wheel drive', 'http://placeimg.com/640/480/business', 12),
(467, 'Tasty Granite Table', '525', 2, 2, 'Andy shoes are designed to keeping in mind durability as well as trends, the most stylish range of shoes & sandals', 'http://placeimg.com/640/480/business', 11),
(468, 'Unbranded Granite Keyboard', '247', 2, 1, 'Andy shoes are designed to keeping in mind durability as well as trends, the most stylish range of shoes & sandals', 'http://placeimg.com/640/480/business', 5),
(469, 'Sleek Metal Salad', '140', 2, 9, 'The automobile layout consists of a front-engine design, with transaxle-type transmissions mounted at the rear of the engine and four wheel drive', 'http://placeimg.com/640/480/business', 9),
(470, 'Rustic Wooden Shirt', '833', 3, 3, 'Ergonomic executive chair upholstered in bonded black leather and PVC padded seat and back for all-day comfort and support', 'http://placeimg.com/640/480/business', 12),
(471, 'Incredible Frozen Bike', '874', 3, 1, 'The Apollotech B340 is an affordable wireless mouse with reliable connectivity, 12 months battery life and modern design', 'http://placeimg.com/640/480/business', 0),
(472, 'Incredible Granite Sausages', '538', 3, 8, 'New ABC 13 9370, 13.3, 5th Gen CoreA5-8250U, 8GB RAM, 256GB SSD, power UHD Graphics, OS 10 Home, OS Office A & J 2016', 'http://placeimg.com/640/480/business', 0),
(473, 'Rustic Metal Shirt', '913', 3, 6, 'The beautiful range of Apple Naturalé that has an exciting mix of natural ingredients. With the Goodness of 100% Natural Ingredients', 'http://placeimg.com/640/480/business', 18),
(474, 'Generic Metal Bacon', '78', 3, 7, 'The beautiful range of Apple Naturalé that has an exciting mix of natural ingredients. With the Goodness of 100% Natural Ingredients', 'http://placeimg.com/640/480/business', 33),
(475, 'Fantastic Fresh Salad', '231', 3, 5, 'Carbonite web goalkeeper gloves are ergonomically designed to give easy fit', 'http://placeimg.com/640/480/business', 44),
(476, 'Practical Granite Chicken', '601', 3, 10, 'The Football Is Good For Training And Recreational Purposes', 'http://placeimg.com/640/480/business', 14),
(477, 'Handmade Rubber Salad', '555', 3, 1, 'The Apollotech B340 is an affordable wireless mouse with reliable connectivity, 12 months battery life and modern design', 'http://placeimg.com/640/480/business', 23),
(478, 'Ergonomic Rubber Pizza', '456', 3, 11, 'Boston\'s most advanced compression wear technology increases muscle oxygenation, stabilizes active muscles', 'http://placeimg.com/640/480/business', 24),
(479, 'Refined Frozen Fish', '846', 3, 0, 'The Nagasaki Lander is the trademarked name of several series of Nagasaki sport bikes, that started with the 1984 ABC800J', 'http://placeimg.com/640/480/business', 28),
(480, 'Fantastic Granite Chips', '633', 3, 0, 'Carbonite web goalkeeper gloves are ergonomically designed to give easy fit', 'http://placeimg.com/640/480/business', 11),
(481, 'Handcrafted Steel Chicken', '453', 3, 12, 'Ergonomic executive chair upholstered in bonded black leather and PVC padded seat and back for all-day comfort and support', 'http://placeimg.com/640/480/business', 45),
(482, 'Handcrafted Fresh Sausages', '611', 3, 3, 'The Apollotech B340 is an affordable wireless mouse with reliable connectivity, 12 months battery life and modern design', 'http://placeimg.com/640/480/business', 39),
(483, 'Awesome Wooden Keyboard', '224', 3, 11, 'Carbonite web goalkeeper gloves are ergonomically designed to give easy fit', 'http://placeimg.com/640/480/business', 6),
(484, 'Handcrafted Rubber Table', '573', 3, 11, 'The slim & simple Maple Gaming Keyboard from Dev Byte comes with a sleek body and 7- Color RGB LED Back-lighting for smart functionality', 'http://placeimg.com/640/480/business', 49),
(485, 'Fantastic Metal Salad', '172', 3, 7, 'Andy shoes are designed to keeping in mind durability as well as trends, the most stylish range of shoes & sandals', 'http://placeimg.com/640/480/business', 32),
(486, 'Practical Cotton Gloves', '432', 3, 9, 'Ergonomic executive chair upholstered in bonded black leather and PVC padded seat and back for all-day comfort and support', 'http://placeimg.com/640/480/business', 2),
(487, 'Awesome Plastic Gloves', '95', 3, 10, 'Andy shoes are designed to keeping in mind durability as well as trends, the most stylish range of shoes & sandals', 'http://placeimg.com/640/480/business', 14);
INSERT INTO `products` (`id`, `name`, `price`, `category`, `brand`, `description`, `picture`, `units_in_stock`) VALUES
(488, 'Fantastic Wooden Mouse', '33', 3, 2, 'The Apollotech B340 is an affordable wireless mouse with reliable connectivity, 12 months battery life and modern design', 'http://placeimg.com/640/480/business', 43),
(489, 'Awesome Cotton Shoes', '957', 3, 13, 'Carbonite web goalkeeper gloves are ergonomically designed to give easy fit', 'http://placeimg.com/640/480/business', 31),
(490, 'Ergonomic Cotton Cheese', '747', 3, 10, 'New range of formal shirts are designed keeping you in mind. With fits and styling that will make you stand apart', 'http://placeimg.com/640/480/business', 20),
(491, 'Tasty Wooden Mouse', '226', 3, 5, 'Carbonite web goalkeeper gloves are ergonomically designed to give easy fit', 'http://placeimg.com/640/480/business', 5),
(492, 'Intelligent Steel Table', '248', 3, 13, 'Carbonite web goalkeeper gloves are ergonomically designed to give easy fit', 'http://placeimg.com/640/480/business', 27),
(493, 'Ergonomic Concrete Computer', '128', 3, 9, 'The automobile layout consists of a front-engine design, with transaxle-type transmissions mounted at the rear of the engine and four wheel drive', 'http://placeimg.com/640/480/business', 2),
(494, 'Generic Soft Salad', '271', 3, 13, 'The beautiful range of Apple Naturalé that has an exciting mix of natural ingredients. With the Goodness of 100% Natural Ingredients', 'http://placeimg.com/640/480/business', 34),
(495, 'Incredible Concrete Cheese', '959', 3, 5, 'Boston\'s most advanced compression wear technology increases muscle oxygenation, stabilizes active muscles', 'http://placeimg.com/640/480/business', 34),
(496, 'Refined Cotton Chicken', '156', 3, 9, 'The Football Is Good For Training And Recreational Purposes', 'http://placeimg.com/640/480/business', 47),
(497, 'Refined Steel Shirt', '256', 3, 7, 'New range of formal shirts are designed keeping you in mind. With fits and styling that will make you stand apart', 'http://placeimg.com/640/480/business', 40),
(498, 'Tasty Frozen Car', '477', 3, 14, 'New range of formal shirts are designed keeping you in mind. With fits and styling that will make you stand apart', 'http://placeimg.com/640/480/business', 42),
(499, 'Gorgeous Soft Sausages', '329', 3, 2, 'New range of formal shirts are designed keeping you in mind. With fits and styling that will make you stand apart', 'http://placeimg.com/640/480/business', 12),
(500, 'Practical Rubber Pizza', '307', 3, 5, 'The automobile layout consists of a front-engine design, with transaxle-type transmissions mounted at the rear of the engine and four wheel drive', 'http://placeimg.com/640/480/business', 49),
(501, 'Intelligent Steel Shirt', '68', 3, 11, 'New ABC 13 9370, 13.3, 5th Gen CoreA5-8250U, 8GB RAM, 256GB SSD, power UHD Graphics, OS 10 Home, OS Office A & J 2016', 'http://placeimg.com/640/480/business', 17),
(502, 'Tasty Wooden Table', '348', 3, 1, 'New range of formal shirts are designed keeping you in mind. With fits and styling that will make you stand apart', 'http://placeimg.com/640/480/business', 11),
(503, 'Unbranded Granite Cheese', '425', 3, 11, 'Ergonomic executive chair upholstered in bonded black leather and PVC padded seat and back for all-day comfort and support', 'http://placeimg.com/640/480/business', 26),
(504, 'Fantastic Concrete Pants', '741', 3, 7, 'The Football Is Good For Training And Recreational Purposes', 'http://placeimg.com/640/480/business', 23),
(505, 'Fantastic Frozen Bike', '95', 3, 4, 'The beautiful range of Apple Naturalé that has an exciting mix of natural ingredients. With the Goodness of 100% Natural Ingredients', 'http://placeimg.com/640/480/business', 9),
(506, 'Incredible Cotton Sausages', '200', 3, 0, 'New ABC 13 9370, 13.3, 5th Gen CoreA5-8250U, 8GB RAM, 256GB SSD, power UHD Graphics, OS 10 Home, OS Office A & J 2016', 'http://placeimg.com/640/480/business', 12),
(507, 'Tasty Frozen Fish', '697', 3, 13, 'The Football Is Good For Training And Recreational Purposes', 'http://placeimg.com/640/480/business', 24),
(508, 'Gorgeous Rubber Cheese', '272', 3, 0, 'The Nagasaki Lander is the trademarked name of several series of Nagasaki sport bikes, that started with the 1984 ABC800J', 'http://placeimg.com/640/480/business', 35),
(509, 'Rustic Cotton Shoes', '819', 3, 8, 'The Football Is Good For Training And Recreational Purposes', 'http://placeimg.com/640/480/business', 10),
(510, 'Rustic Soft Cheese', '908', 3, 9, 'Ergonomic executive chair upholstered in bonded black leather and PVC padded seat and back for all-day comfort and support', 'http://placeimg.com/640/480/business', 2),
(511, 'Gorgeous Cotton Chicken', '434', 3, 2, 'Andy shoes are designed to keeping in mind durability as well as trends, the most stylish range of shoes & sandals', 'http://placeimg.com/640/480/business', 49),
(512, 'Handmade Plastic Keyboard', '918', 3, 0, 'The slim & simple Maple Gaming Keyboard from Dev Byte comes with a sleek body and 7- Color RGB LED Back-lighting for smart functionality', 'http://placeimg.com/640/480/business', 0),
(513, 'Licensed Wooden Chips', '62', 3, 12, 'Carbonite web goalkeeper gloves are ergonomically designed to give easy fit', 'http://placeimg.com/640/480/business', 38),
(514, 'Fantastic Plastic Keyboard', '304', 3, 4, 'The slim & simple Maple Gaming Keyboard from Dev Byte comes with a sleek body and 7- Color RGB LED Back-lighting for smart functionality', 'http://placeimg.com/640/480/business', 16),
(515, 'Refined Concrete Pizza', '975', 3, 1, 'Ergonomic executive chair upholstered in bonded black leather and PVC padded seat and back for all-day comfort and support', 'http://placeimg.com/640/480/business', 46),
(516, 'Unbranded Wooden Towels', '839', 3, 3, 'Andy shoes are designed to keeping in mind durability as well as trends, the most stylish range of shoes & sandals', 'http://placeimg.com/640/480/business', 10),
(517, 'Small Plastic Ball', '827', 3, 10, 'The slim & simple Maple Gaming Keyboard from Dev Byte comes with a sleek body and 7- Color RGB LED Back-lighting for smart functionality', 'http://placeimg.com/640/480/business', 8),
(518, 'Refined Granite Ball', '161', 3, 2, 'Ergonomic executive chair upholstered in bonded black leather and PVC padded seat and back for all-day comfort and support', 'http://placeimg.com/640/480/business', 12),
(519, 'Handcrafted Concrete Soap', '894', 3, 12, 'The Apollotech B340 is an affordable wireless mouse with reliable connectivity, 12 months battery life and modern design', 'http://placeimg.com/640/480/business', 10),
(520, 'Unbranded Frozen Bacon', '559', 3, 10, 'The slim & simple Maple Gaming Keyboard from Dev Byte comes with a sleek body and 7- Color RGB LED Back-lighting for smart functionality', 'http://placeimg.com/640/480/business', 3),
(521, 'Rustic Frozen Cheese', '481', 3, 13, 'New range of formal shirts are designed keeping you in mind. With fits and styling that will make you stand apart', 'http://placeimg.com/640/480/business', 3),
(522, 'Awesome Plastic Fish', '33', 3, 4, 'The beautiful range of Apple Naturalé that has an exciting mix of natural ingredients. With the Goodness of 100% Natural Ingredients', 'http://placeimg.com/640/480/business', 15),
(523, 'Awesome Cotton Hat', '313', 3, 10, 'Carbonite web goalkeeper gloves are ergonomically designed to give easy fit', 'http://placeimg.com/640/480/business', 43),
(524, 'Awesome Concrete Pants', '512', 3, 6, 'Andy shoes are designed to keeping in mind durability as well as trends, the most stylish range of shoes & sandals', 'http://placeimg.com/640/480/business', 10),
(525, 'Practical Rubber Soap', '595', 3, 6, 'Ergonomic executive chair upholstered in bonded black leather and PVC padded seat and back for all-day comfort and support', 'http://placeimg.com/640/480/business', 16),
(526, 'Intelligent Fresh Cheese', '609', 3, 7, 'New range of formal shirts are designed keeping you in mind. With fits and styling that will make you stand apart', 'http://placeimg.com/640/480/business', 0),
(527, 'Generic Concrete Bacon', '746', 3, 14, 'The automobile layout consists of a front-engine design, with transaxle-type transmissions mounted at the rear of the engine and four wheel drive', 'http://placeimg.com/640/480/business', 45),
(528, 'Gorgeous Rubber Mouse', '215', 3, 0, 'The automobile layout consists of a front-engine design, with transaxle-type transmissions mounted at the rear of the engine and four wheel drive', 'http://placeimg.com/640/480/business', 2),
(529, 'Ergonomic Cotton Bacon', '433', 3, 2, 'The automobile layout consists of a front-engine design, with transaxle-type transmissions mounted at the rear of the engine and four wheel drive', 'http://placeimg.com/640/480/business', 2),
(530, 'Handcrafted Cotton Computer', '607', 3, 13, 'Boston\'s most advanced compression wear technology increases muscle oxygenation, stabilizes active muscles', 'http://placeimg.com/640/480/business', 7),
(531, 'Practical Soft Shirt', '298', 3, 0, 'Andy shoes are designed to keeping in mind durability as well as trends, the most stylish range of shoes & sandals', 'http://placeimg.com/640/480/business', 41),
(532, 'Gorgeous Steel Chicken', '353', 3, 7, 'The Apollotech B340 is an affordable wireless mouse with reliable connectivity, 12 months battery life and modern design', 'http://placeimg.com/640/480/business', 35),
(533, 'Fantastic Cotton Hat', '251', 3, 9, 'The beautiful range of Apple Naturalé that has an exciting mix of natural ingredients. With the Goodness of 100% Natural Ingredients', 'http://placeimg.com/640/480/business', 15),
(534, 'Handmade Fresh Bike', '246', 3, 7, 'The beautiful range of Apple Naturalé that has an exciting mix of natural ingredients. With the Goodness of 100% Natural Ingredients', 'http://placeimg.com/640/480/business', 4),
(535, 'Intelligent Soft Mouse', '667', 3, 13, 'The Nagasaki Lander is the trademarked name of several series of Nagasaki sport bikes, that started with the 1984 ABC800J', 'http://placeimg.com/640/480/business', 31),
(536, 'Incredible Frozen Cheese', '38', 3, 11, 'Andy shoes are designed to keeping in mind durability as well as trends, the most stylish range of shoes & sandals', 'http://placeimg.com/640/480/business', 8),
(537, 'Small Plastic Towels', '991', 3, 7, 'The Apollotech B340 is an affordable wireless mouse with reliable connectivity, 12 months battery life and modern design', 'http://placeimg.com/640/480/business', 0),
(538, 'Awesome Fresh Car', '463', 3, 6, 'New range of formal shirts are designed keeping you in mind. With fits and styling that will make you stand apart', 'http://placeimg.com/640/480/business', 31),
(539, 'Awesome Steel Computer', '399', 3, 4, 'The automobile layout consists of a front-engine design, with transaxle-type transmissions mounted at the rear of the engine and four wheel drive', 'http://placeimg.com/640/480/business', 39),
(540, 'Unbranded Cotton Hat', '59', 3, 2, 'The Football Is Good For Training And Recreational Purposes', 'http://placeimg.com/640/480/business', 14),
(541, 'Tasty Metal Bike', '763', 3, 13, 'Carbonite web goalkeeper gloves are ergonomically designed to give easy fit', 'http://placeimg.com/640/480/business', 13),
(542, 'Ergonomic Cotton Table', '56', 3, 4, 'The Nagasaki Lander is the trademarked name of several series of Nagasaki sport bikes, that started with the 1984 ABC800J', 'http://placeimg.com/640/480/business', 18),
(543, 'Gorgeous Soft Car', '995', 3, 8, 'The automobile layout consists of a front-engine design, with transaxle-type transmissions mounted at the rear of the engine and four wheel drive', 'http://placeimg.com/640/480/business', 10),
(544, 'Rustic Fresh Cheese', '788', 3, 7, 'The slim & simple Maple Gaming Keyboard from Dev Byte comes with a sleek body and 7- Color RGB LED Back-lighting for smart functionality', 'http://placeimg.com/640/480/business', 30),
(545, 'Awesome Plastic Keyboard', '490', 3, 8, 'The slim & simple Maple Gaming Keyboard from Dev Byte comes with a sleek body and 7- Color RGB LED Back-lighting for smart functionality', 'http://placeimg.com/640/480/business', 34),
(546, 'Awesome Fresh Table', '169', 3, 11, 'New range of formal shirts are designed keeping you in mind. With fits and styling that will make you stand apart', 'http://placeimg.com/640/480/business', 26),
(547, 'Unbranded Rubber Pants', '942', 3, 0, 'The automobile layout consists of a front-engine design, with transaxle-type transmissions mounted at the rear of the engine and four wheel drive', 'http://placeimg.com/640/480/business', 19),
(548, 'Small Cotton Keyboard', '183', 3, 14, 'Andy shoes are designed to keeping in mind durability as well as trends, the most stylish range of shoes & sandals', 'http://placeimg.com/640/480/business', 9),
(549, 'Incredible Plastic Computer', '688', 3, 2, 'New range of formal shirts are designed keeping you in mind. With fits and styling that will make you stand apart', 'http://placeimg.com/640/480/business', 39),
(550, 'Unbranded Soft Mouse', '704', 3, 5, 'Ergonomic executive chair upholstered in bonded black leather and PVC padded seat and back for all-day comfort and support', 'http://placeimg.com/640/480/business', 22),
(551, 'Awesome Cotton Chair', '365', 3, 3, 'New ABC 13 9370, 13.3, 5th Gen CoreA5-8250U, 8GB RAM, 256GB SSD, power UHD Graphics, OS 10 Home, OS Office A & J 2016', 'http://placeimg.com/640/480/business', 16),
(552, 'Tasty Plastic Salad', '6', 3, 5, 'The Football Is Good For Training And Recreational Purposes', 'http://placeimg.com/640/480/business', 4),
(553, 'Handmade Concrete Fish', '700', 3, 10, 'Ergonomic executive chair upholstered in bonded black leather and PVC padded seat and back for all-day comfort and support', 'http://placeimg.com/640/480/business', 34),
(554, 'Tasty Wooden Bacon', '112', 3, 2, 'The automobile layout consists of a front-engine design, with transaxle-type transmissions mounted at the rear of the engine and four wheel drive', 'http://placeimg.com/640/480/business', 34),
(555, 'Gorgeous Metal Towels', '47', 3, 14, 'Carbonite web goalkeeper gloves are ergonomically designed to give easy fit', 'http://placeimg.com/640/480/business', 43),
(556, 'Sleek Wooden Soap', '366', 3, 9, 'The Nagasaki Lander is the trademarked name of several series of Nagasaki sport bikes, that started with the 1984 ABC800J', 'http://placeimg.com/640/480/business', 43),
(557, 'Licensed Cotton Keyboard', '69', 3, 6, 'The slim & simple Maple Gaming Keyboard from Dev Byte comes with a sleek body and 7- Color RGB LED Back-lighting for smart functionality', 'http://placeimg.com/640/480/business', 17),
(558, 'Unbranded Concrete Chair', '116', 3, 11, 'The beautiful range of Apple Naturalé that has an exciting mix of natural ingredients. With the Goodness of 100% Natural Ingredients', 'http://placeimg.com/640/480/business', 18),
(559, 'Licensed Fresh Keyboard', '623', 3, 10, 'Boston\'s most advanced compression wear technology increases muscle oxygenation, stabilizes active muscles', 'http://placeimg.com/640/480/business', 39),
(560, 'Incredible Plastic Shirt', '145', 3, 13, 'Carbonite web goalkeeper gloves are ergonomically designed to give easy fit', 'http://placeimg.com/640/480/business', 49),
(561, 'Generic Rubber Towels', '407', 3, 6, 'The Nagasaki Lander is the trademarked name of several series of Nagasaki sport bikes, that started with the 1984 ABC800J', 'http://placeimg.com/640/480/business', 46),
(562, 'Unbranded Plastic Shoes', '829', 3, 10, 'Ergonomic executive chair upholstered in bonded black leather and PVC padded seat and back for all-day comfort and support', 'http://placeimg.com/640/480/business', 31),
(563, 'Awesome Fresh Bike', '431', 3, 12, 'The beautiful range of Apple Naturalé that has an exciting mix of natural ingredients. With the Goodness of 100% Natural Ingredients', 'http://placeimg.com/640/480/business', 15),
(564, 'Rustic Granite Shirt', '101', 3, 4, 'Carbonite web goalkeeper gloves are ergonomically designed to give easy fit', 'http://placeimg.com/640/480/business', 9),
(565, 'Refined Granite Chair', '527', 3, 14, 'Carbonite web goalkeeper gloves are ergonomically designed to give easy fit', 'http://placeimg.com/640/480/business', 11),
(566, 'Handmade Cotton Bike', '530', 3, 14, 'The automobile layout consists of a front-engine design, with transaxle-type transmissions mounted at the rear of the engine and four wheel drive', 'http://placeimg.com/640/480/business', 44),
(567, 'Generic Wooden Salad', '349', 3, 6, 'The beautiful range of Apple Naturalé that has an exciting mix of natural ingredients. With the Goodness of 100% Natural Ingredients', 'http://placeimg.com/640/480/business', 18),
(568, 'Sleek Steel Sausages', '338', 3, 4, 'The Nagasaki Lander is the trademarked name of several series of Nagasaki sport bikes, that started with the 1984 ABC800J', 'http://placeimg.com/640/480/business', 21),
(569, 'Tasty Rubber Shoes', '1', 3, 6, 'The beautiful range of Apple Naturalé that has an exciting mix of natural ingredients. With the Goodness of 100% Natural Ingredients', 'http://placeimg.com/640/480/business', 24),
(570, 'Small Granite Cheese', '294', 3, 6, 'The Football Is Good For Training And Recreational Purposes', 'http://placeimg.com/640/480/business', 26),
(571, 'Handmade Metal Fish', '450', 3, 1, 'The Apollotech B340 is an affordable wireless mouse with reliable connectivity, 12 months battery life and modern design', 'http://placeimg.com/640/480/business', 14),
(572, 'Tasty Granite Computer', '802', 3, 14, 'New range of formal shirts are designed keeping you in mind. With fits and styling that will make you stand apart', 'http://placeimg.com/640/480/business', 17),
(573, 'Unbranded Steel Sausages', '605', 3, 12, 'Carbonite web goalkeeper gloves are ergonomically designed to give easy fit', 'http://placeimg.com/640/480/business', 8),
(574, 'Handmade Metal Computer', '833', 3, 3, 'The automobile layout consists of a front-engine design, with transaxle-type transmissions mounted at the rear of the engine and four wheel drive', 'http://placeimg.com/640/480/business', 18),
(575, 'Fantastic Steel Fish', '496', 3, 13, 'The Football Is Good For Training And Recreational Purposes', 'http://placeimg.com/640/480/business', 49),
(576, 'Gorgeous Wooden Mouse', '72', 3, 7, 'Carbonite web goalkeeper gloves are ergonomically designed to give easy fit', 'http://placeimg.com/640/480/business', 42),
(577, 'Incredible Soft Bike', '735', 3, 9, 'New ABC 13 9370, 13.3, 5th Gen CoreA5-8250U, 8GB RAM, 256GB SSD, power UHD Graphics, OS 10 Home, OS Office A & J 2016', 'http://placeimg.com/640/480/business', 46),
(578, 'Generic Fresh Chicken', '671', 3, 7, 'The Football Is Good For Training And Recreational Purposes', 'http://placeimg.com/640/480/business', 45),
(579, 'Awesome Wooden Pants', '860', 3, 11, 'The Football Is Good For Training And Recreational Purposes', 'http://placeimg.com/640/480/business', 48),
(580, 'Unbranded Steel Keyboard', '41', 3, 9, 'New ABC 13 9370, 13.3, 5th Gen CoreA5-8250U, 8GB RAM, 256GB SSD, power UHD Graphics, OS 10 Home, OS Office A & J 2016', 'http://placeimg.com/640/480/business', 40),
(581, 'Unbranded Steel Cheese', '339', 3, 10, 'The Nagasaki Lander is the trademarked name of several series of Nagasaki sport bikes, that started with the 1984 ABC800J', 'http://placeimg.com/640/480/business', 33),
(582, 'Sleek Frozen Chicken', '426', 3, 7, 'Andy shoes are designed to keeping in mind durability as well as trends, the most stylish range of shoes & sandals', 'http://placeimg.com/640/480/business', 12),
(583, 'Licensed Fresh Gloves', '289', 3, 12, 'The Football Is Good For Training And Recreational Purposes', 'http://placeimg.com/640/480/business', 12),
(584, 'Gorgeous Granite Keyboard', '735', 3, 0, 'The Nagasaki Lander is the trademarked name of several series of Nagasaki sport bikes, that started with the 1984 ABC800J', 'http://placeimg.com/640/480/business', 40),
(585, 'Refined Metal Shirt', '862', 3, 5, 'Andy shoes are designed to keeping in mind durability as well as trends, the most stylish range of shoes & sandals', 'http://placeimg.com/640/480/business', 44),
(586, 'Incredible Cotton Towels', '220', 3, 10, 'New ABC 13 9370, 13.3, 5th Gen CoreA5-8250U, 8GB RAM, 256GB SSD, power UHD Graphics, OS 10 Home, OS Office A & J 2016', 'http://placeimg.com/640/480/business', 28),
(587, 'Handcrafted Fresh Car', '873', 3, 13, 'The beautiful range of Apple Naturalé that has an exciting mix of natural ingredients. With the Goodness of 100% Natural Ingredients', 'http://placeimg.com/640/480/business', 0),
(588, 'Handcrafted Steel Tuna', '892', 3, 10, 'The Apollotech B340 is an affordable wireless mouse with reliable connectivity, 12 months battery life and modern design', 'http://placeimg.com/640/480/business', 41),
(589, 'Ergonomic Frozen Towels', '40', 3, 14, 'Carbonite web goalkeeper gloves are ergonomically designed to give easy fit', 'http://placeimg.com/640/480/business', 18),
(590, 'Handmade Wooden Sausages', '603', 3, 8, 'The Apollotech B340 is an affordable wireless mouse with reliable connectivity, 12 months battery life and modern design', 'http://placeimg.com/640/480/business', 27),
(591, 'Gorgeous Wooden Salad', '536', 3, 14, 'The automobile layout consists of a front-engine design, with transaxle-type transmissions mounted at the rear of the engine and four wheel drive', 'http://placeimg.com/640/480/business', 2),
(592, 'Fantastic Frozen Computer', '936', 3, 13, 'Boston\'s most advanced compression wear technology increases muscle oxygenation, stabilizes active muscles', 'http://placeimg.com/640/480/business', 49),
(593, 'Tasty Rubber Ball', '376', 3, 14, 'Andy shoes are designed to keeping in mind durability as well as trends, the most stylish range of shoes & sandals', 'http://placeimg.com/640/480/business', 46),
(594, 'Handcrafted Granite Shirt', '739', 3, 10, 'Boston\'s most advanced compression wear technology increases muscle oxygenation, stabilizes active muscles', 'http://placeimg.com/640/480/business', 31),
(595, 'Generic Rubber Chicken', '807', 3, 7, 'The beautiful range of Apple Naturalé that has an exciting mix of natural ingredients. With the Goodness of 100% Natural Ingredients', 'http://placeimg.com/640/480/business', 45),
(596, 'Generic Metal Gloves', '920', 3, 6, 'Carbonite web goalkeeper gloves are ergonomically designed to give easy fit', 'http://placeimg.com/640/480/business', 14),
(597, 'Practical Steel Sausages', '414', 3, 13, 'Boston\'s most advanced compression wear technology increases muscle oxygenation, stabilizes active muscles', 'http://placeimg.com/640/480/business', 46),
(598, 'Refined Granite Chips', '872', 3, 4, 'Carbonite web goalkeeper gloves are ergonomically designed to give easy fit', 'http://placeimg.com/640/480/business', 14),
(599, 'Gorgeous Frozen Soap', '667', 3, 11, 'New range of formal shirts are designed keeping you in mind. With fits and styling that will make you stand apart', 'http://placeimg.com/640/480/business', 33),
(600, 'Handmade Granite Pizza', '809', 3, 13, 'The slim & simple Maple Gaming Keyboard from Dev Byte comes with a sleek body and 7- Color RGB LED Back-lighting for smart functionality', 'http://placeimg.com/640/480/business', 35),
(601, 'Intelligent Fresh Towels', '762', 3, 4, 'The Apollotech B340 is an affordable wireless mouse with reliable connectivity, 12 months battery life and modern design', 'http://placeimg.com/640/480/business', 44),
(602, 'Licensed Rubber Chips', '805', 3, 13, 'The automobile layout consists of a front-engine design, with transaxle-type transmissions mounted at the rear of the engine and four wheel drive', 'http://placeimg.com/640/480/business', 27),
(603, 'Practical Cotton Cheese', '329', 3, 12, 'The automobile layout consists of a front-engine design, with transaxle-type transmissions mounted at the rear of the engine and four wheel drive', 'http://placeimg.com/640/480/business', 8),
(604, 'Refined Fresh Tuna', '130', 3, 6, 'Carbonite web goalkeeper gloves are ergonomically designed to give easy fit', 'http://placeimg.com/640/480/business', 14),
(605, 'Rustic Fresh Chair', '95', 3, 6, 'New range of formal shirts are designed keeping you in mind. With fits and styling that will make you stand apart', 'http://placeimg.com/640/480/business', 34),
(606, 'Incredible Fresh Shirt', '580', 3, 13, 'Boston\'s most advanced compression wear technology increases muscle oxygenation, stabilizes active muscles', 'http://placeimg.com/640/480/business', 29),
(607, 'Rustic Steel Shoes', '205', 3, 9, 'Andy shoes are designed to keeping in mind durability as well as trends, the most stylish range of shoes & sandals', 'http://placeimg.com/640/480/business', 20),
(608, 'Licensed Metal Computer', '50', 3, 3, 'The beautiful range of Apple Naturalé that has an exciting mix of natural ingredients. With the Goodness of 100% Natural Ingredients', 'http://placeimg.com/640/480/business', 6),
(609, 'Rustic Fresh Chicken', '603', 3, 10, 'The Apollotech B340 is an affordable wireless mouse with reliable connectivity, 12 months battery life and modern design', 'http://placeimg.com/640/480/business', 10),
(610, 'Small Cotton Bike', '239', 3, 2, 'The Football Is Good For Training And Recreational Purposes', 'http://placeimg.com/640/480/business', 2),
(611, 'Licensed Granite Pizza', '922', 3, 8, 'Andy shoes are designed to keeping in mind durability as well as trends, the most stylish range of shoes & sandals', 'http://placeimg.com/640/480/business', 23),
(612, 'Fantastic Plastic Cheese', '47', 3, 0, 'The Football Is Good For Training And Recreational Purposes', 'http://placeimg.com/640/480/business', 35),
(613, 'Sleek Steel Gloves', '390', 3, 1, 'The Football Is Good For Training And Recreational Purposes', 'http://placeimg.com/640/480/business', 1),
(614, 'Unbranded Steel Bacon', '662', 3, 13, 'The automobile layout consists of a front-engine design, with transaxle-type transmissions mounted at the rear of the engine and four wheel drive', 'http://placeimg.com/640/480/business', 8),
(615, 'Handcrafted Frozen Shirt', '599', 3, 12, 'The automobile layout consists of a front-engine design, with transaxle-type transmissions mounted at the rear of the engine and four wheel drive', 'http://placeimg.com/640/480/business', 9),
(616, 'Small Frozen Cheese', '957', 3, 0, 'Andy shoes are designed to keeping in mind durability as well as trends, the most stylish range of shoes & sandals', 'http://placeimg.com/640/480/business', 11),
(617, 'Handmade Wooden Sausages', '910', 3, 4, 'New range of formal shirts are designed keeping you in mind. With fits and styling that will make you stand apart', 'http://placeimg.com/640/480/business', 13),
(618, 'Handcrafted Frozen Hat', '515', 3, 1, 'The Nagasaki Lander is the trademarked name of several series of Nagasaki sport bikes, that started with the 1984 ABC800J', 'http://placeimg.com/640/480/business', 45),
(619, 'Ergonomic Steel Cheese', '463', 3, 9, 'The automobile layout consists of a front-engine design, with transaxle-type transmissions mounted at the rear of the engine and four wheel drive', 'http://placeimg.com/640/480/business', 26),
(620, 'Handcrafted Granite Sausages', '234', 3, 11, 'The Football Is Good For Training And Recreational Purposes', 'http://placeimg.com/640/480/business', 37),
(621, 'Fantastic Wooden Sausages', '184', 3, 6, 'Ergonomic executive chair upholstered in bonded black leather and PVC padded seat and back for all-day comfort and support', 'http://placeimg.com/640/480/business', 35),
(622, 'Handmade Plastic Sausages', '823', 3, 9, 'The Nagasaki Lander is the trademarked name of several series of Nagasaki sport bikes, that started with the 1984 ABC800J', 'http://placeimg.com/640/480/business', 0),
(623, 'Incredible Wooden Hat', '792', 3, 13, 'The automobile layout consists of a front-engine design, with transaxle-type transmissions mounted at the rear of the engine and four wheel drive', 'http://placeimg.com/640/480/business', 13),
(624, 'Tasty Concrete Tuna', '287', 3, 13, 'Carbonite web goalkeeper gloves are ergonomically designed to give easy fit', 'http://placeimg.com/640/480/business', 22),
(625, 'Licensed Frozen Salad', '843', 3, 8, 'The Apollotech B340 is an affordable wireless mouse with reliable connectivity, 12 months battery life and modern design', 'http://placeimg.com/640/480/business', 44),
(626, 'Unbranded Metal Bacon', '154', 3, 10, 'The Football Is Good For Training And Recreational Purposes', 'http://placeimg.com/640/480/business', 8),
(627, 'Handmade Frozen Shirt', '861', 3, 2, 'The automobile layout consists of a front-engine design, with transaxle-type transmissions mounted at the rear of the engine and four wheel drive', 'http://placeimg.com/640/480/business', 1),
(628, 'Licensed Soft Fish', '920', 3, 14, 'The automobile layout consists of a front-engine design, with transaxle-type transmissions mounted at the rear of the engine and four wheel drive', 'http://placeimg.com/640/480/business', 1),
(629, 'Practical Plastic Shoes', '560', 3, 13, 'New range of formal shirts are designed keeping you in mind. With fits and styling that will make you stand apart', 'http://placeimg.com/640/480/business', 24),
(630, 'Generic Wooden Salad', '911', 3, 12, 'The beautiful range of Apple Naturalé that has an exciting mix of natural ingredients. With the Goodness of 100% Natural Ingredients', 'http://placeimg.com/640/480/business', 37),
(631, 'Handmade Soft Pizza', '823', 3, 2, 'New ABC 13 9370, 13.3, 5th Gen CoreA5-8250U, 8GB RAM, 256GB SSD, power UHD Graphics, OS 10 Home, OS Office A & J 2016', 'http://placeimg.com/640/480/business', 39),
(632, 'Ergonomic Metal Bacon', '791', 3, 12, 'New range of formal shirts are designed keeping you in mind. With fits and styling that will make you stand apart', 'http://placeimg.com/640/480/business', 22),
(633, 'Rustic Soft Tuna', '868', 3, 0, 'The Nagasaki Lander is the trademarked name of several series of Nagasaki sport bikes, that started with the 1984 ABC800J', 'http://placeimg.com/640/480/business', 2),
(634, 'Refined Soft Table', '316', 3, 9, 'New ABC 13 9370, 13.3, 5th Gen CoreA5-8250U, 8GB RAM, 256GB SSD, power UHD Graphics, OS 10 Home, OS Office A & J 2016', 'http://placeimg.com/640/480/business', 8),
(635, 'Sleek Rubber Mouse', '338', 3, 4, 'The Apollotech B340 is an affordable wireless mouse with reliable connectivity, 12 months battery life and modern design', 'http://placeimg.com/640/480/business', 20),
(636, 'Unbranded Fresh Ball', '458', 3, 8, 'The Nagasaki Lander is the trademarked name of several series of Nagasaki sport bikes, that started with the 1984 ABC800J', 'http://placeimg.com/640/480/business', 47),
(637, 'Licensed Wooden Tuna', '793', 3, 1, 'The slim & simple Maple Gaming Keyboard from Dev Byte comes with a sleek body and 7- Color RGB LED Back-lighting for smart functionality', 'http://placeimg.com/640/480/business', 38),
(638, 'Sleek Fresh Soap', '27', 3, 10, 'Ergonomic executive chair upholstered in bonded black leather and PVC padded seat and back for all-day comfort and support', 'http://placeimg.com/640/480/business', 20),
(639, 'Small Metal Soap', '731', 3, 9, 'Andy shoes are designed to keeping in mind durability as well as trends, the most stylish range of shoes & sandals', 'http://placeimg.com/640/480/business', 11),
(640, 'Intelligent Frozen Keyboard', '426', 3, 13, 'New range of formal shirts are designed keeping you in mind. With fits and styling that will make you stand apart', 'http://placeimg.com/640/480/business', 10),
(641, 'Tasty Wooden Keyboard', '507', 3, 2, 'The Nagasaki Lander is the trademarked name of several series of Nagasaki sport bikes, that started with the 1984 ABC800J', 'http://placeimg.com/640/480/business', 49),
(642, 'Unbranded Rubber Soap', '299', 3, 14, 'Boston\'s most advanced compression wear technology increases muscle oxygenation, stabilizes active muscles', 'http://placeimg.com/640/480/business', 41),
(643, 'Rustic Wooden Chips', '162', 3, 12, 'The Apollotech B340 is an affordable wireless mouse with reliable connectivity, 12 months battery life and modern design', 'http://placeimg.com/640/480/business', 23),
(644, 'Handcrafted Rubber Cheese', '336', 3, 7, 'Carbonite web goalkeeper gloves are ergonomically designed to give easy fit', 'http://placeimg.com/640/480/business', 9),
(645, 'Sleek Frozen Ball', '214', 3, 4, 'The Apollotech B340 is an affordable wireless mouse with reliable connectivity, 12 months battery life and modern design', 'http://placeimg.com/640/480/business', 17),
(646, 'Intelligent Fresh Hat', '777', 3, 6, 'New ABC 13 9370, 13.3, 5th Gen CoreA5-8250U, 8GB RAM, 256GB SSD, power UHD Graphics, OS 10 Home, OS Office A & J 2016', 'http://placeimg.com/640/480/business', 37),
(647, 'Rustic Concrete Mouse', '212', 3, 14, 'The beautiful range of Apple Naturalé that has an exciting mix of natural ingredients. With the Goodness of 100% Natural Ingredients', 'http://placeimg.com/640/480/business', 21),
(648, 'Unbranded Fresh Mouse', '605', 3, 11, 'The slim & simple Maple Gaming Keyboard from Dev Byte comes with a sleek body and 7- Color RGB LED Back-lighting for smart functionality', 'http://placeimg.com/640/480/business', 39),
(649, 'Incredible Soft Bacon', '78', 3, 9, 'The automobile layout consists of a front-engine design, with transaxle-type transmissions mounted at the rear of the engine and four wheel drive', 'http://placeimg.com/640/480/business', 47),
(650, 'Licensed Cotton Car', '36', 3, 14, 'The Football Is Good For Training And Recreational Purposes', 'http://placeimg.com/640/480/business', 1),
(651, 'Intelligent Plastic Shoes', '321', 3, 8, 'New range of formal shirts are designed keeping you in mind. With fits and styling that will make you stand apart', 'http://placeimg.com/640/480/business', 6),
(652, 'Incredible Steel Soap', '419', 3, 0, 'The Apollotech B340 is an affordable wireless mouse with reliable connectivity, 12 months battery life and modern design', 'http://placeimg.com/640/480/business', 5),
(653, 'Licensed Steel Sausages', '278', 3, 10, 'The automobile layout consists of a front-engine design, with transaxle-type transmissions mounted at the rear of the engine and four wheel drive', 'http://placeimg.com/640/480/business', 30),
(654, 'Tasty Soft Car', '870', 3, 4, 'New range of formal shirts are designed keeping you in mind. With fits and styling that will make you stand apart', 'http://placeimg.com/640/480/business', 35),
(655, 'Licensed Rubber Pants', '170', 3, 12, 'New ABC 13 9370, 13.3, 5th Gen CoreA5-8250U, 8GB RAM, 256GB SSD, power UHD Graphics, OS 10 Home, OS Office A & J 2016', 'http://placeimg.com/640/480/business', 5),
(656, 'Incredible Steel Car', '397', 3, 12, 'The automobile layout consists of a front-engine design, with transaxle-type transmissions mounted at the rear of the engine and four wheel drive', 'http://placeimg.com/640/480/business', 23),
(657, 'Gorgeous Cotton Chair', '997', 3, 4, 'Andy shoes are designed to keeping in mind durability as well as trends, the most stylish range of shoes & sandals', 'http://placeimg.com/640/480/business', 36),
(658, 'Sleek Metal Shoes', '329', 3, 7, 'New range of formal shirts are designed keeping you in mind. With fits and styling that will make you stand apart', 'http://placeimg.com/640/480/business', 1),
(659, 'Generic Plastic Pants', '355', 3, 8, 'New ABC 13 9370, 13.3, 5th Gen CoreA5-8250U, 8GB RAM, 256GB SSD, power UHD Graphics, OS 10 Home, OS Office A & J 2016', 'http://placeimg.com/640/480/business', 22),
(660, 'Intelligent Fresh Keyboard', '373', 3, 9, 'Boston\'s most advanced compression wear technology increases muscle oxygenation, stabilizes active muscles', 'http://placeimg.com/640/480/business', 14),
(661, 'Tasty Metal Salad', '282', 3, 5, 'The Nagasaki Lander is the trademarked name of several series of Nagasaki sport bikes, that started with the 1984 ABC800J', 'http://placeimg.com/640/480/business', 28),
(662, 'Gorgeous Granite Hat', '114', 3, 6, 'The slim & simple Maple Gaming Keyboard from Dev Byte comes with a sleek body and 7- Color RGB LED Back-lighting for smart functionality', 'http://placeimg.com/640/480/business', 2),
(663, 'Handmade Plastic Keyboard', '27', 3, 9, 'Carbonite web goalkeeper gloves are ergonomically designed to give easy fit', 'http://placeimg.com/640/480/business', 4),
(664, 'Licensed Wooden Computer', '949', 3, 0, 'The slim & simple Maple Gaming Keyboard from Dev Byte comes with a sleek body and 7- Color RGB LED Back-lighting for smart functionality', 'http://placeimg.com/640/480/business', 44),
(665, 'Tasty Wooden Pants', '296', 3, 13, 'The slim & simple Maple Gaming Keyboard from Dev Byte comes with a sleek body and 7- Color RGB LED Back-lighting for smart functionality', 'http://placeimg.com/640/480/business', 13),
(666, 'Awesome Rubber Gloves', '995', 3, 9, 'Carbonite web goalkeeper gloves are ergonomically designed to give easy fit', 'http://placeimg.com/640/480/business', 21),
(667, 'Rustic Steel Tuna', '119', 3, 0, 'The Apollotech B340 is an affordable wireless mouse with reliable connectivity, 12 months battery life and modern design', 'http://placeimg.com/640/480/business', 28),
(668, 'Awesome Frozen Tuna', '910', 3, 6, 'Ergonomic executive chair upholstered in bonded black leather and PVC padded seat and back for all-day comfort and support', 'http://placeimg.com/640/480/business', 16),
(669, 'Awesome Wooden Fish', '539', 3, 4, 'Boston\'s most advanced compression wear technology increases muscle oxygenation, stabilizes active muscles', 'http://placeimg.com/640/480/business', 37),
(670, 'Sleek Steel Pants', '903', 3, 7, 'The beautiful range of Apple Naturalé that has an exciting mix of natural ingredients. With the Goodness of 100% Natural Ingredients', 'http://placeimg.com/640/480/business', 36),
(671, 'Gorgeous Cotton Pants', '308', 3, 3, 'The beautiful range of Apple Naturalé that has an exciting mix of natural ingredients. With the Goodness of 100% Natural Ingredients', 'http://placeimg.com/640/480/business', 21),
(672, 'Refined Soft Bacon', '287', 4, 9, 'The slim & simple Maple Gaming Keyboard from Dev Byte comes with a sleek body and 7- Color RGB LED Back-lighting for smart functionality', 'http://placeimg.com/640/480/business', 4),
(673, 'Refined Granite Soap', '199', 4, 4, 'The Nagasaki Lander is the trademarked name of several series of Nagasaki sport bikes, that started with the 1984 ABC800J', 'http://placeimg.com/640/480/business', 4),
(674, 'Incredible Wooden Pizza', '164', 4, 7, 'The Nagasaki Lander is the trademarked name of several series of Nagasaki sport bikes, that started with the 1984 ABC800J', 'http://placeimg.com/640/480/business', 32),
(675, 'Handcrafted Concrete Chair', '947', 4, 13, 'The beautiful range of Apple Naturalé that has an exciting mix of natural ingredients. With the Goodness of 100% Natural Ingredients', 'http://placeimg.com/640/480/business', 25),
(676, 'Fantastic Frozen Gloves', '330', 4, 2, 'The Apollotech B340 is an affordable wireless mouse with reliable connectivity, 12 months battery life and modern design', 'http://placeimg.com/640/480/business', 8),
(677, 'Unbranded Plastic Computer', '36', 4, 8, 'The slim & simple Maple Gaming Keyboard from Dev Byte comes with a sleek body and 7- Color RGB LED Back-lighting for smart functionality', 'http://placeimg.com/640/480/business', 45),
(678, 'Tasty Fresh Shoes', '277', 4, 2, 'The Nagasaki Lander is the trademarked name of several series of Nagasaki sport bikes, that started with the 1984 ABC800J', 'http://placeimg.com/640/480/business', 45),
(679, 'Rustic Wooden Table', '124', 4, 14, 'Boston\'s most advanced compression wear technology increases muscle oxygenation, stabilizes active muscles', 'http://placeimg.com/640/480/business', 14),
(680, 'Handmade Metal Chips', '655', 4, 10, 'New range of formal shirts are designed keeping you in mind. With fits and styling that will make you stand apart', 'http://placeimg.com/640/480/business', 0),
(681, 'Handcrafted Wooden Bike', '447', 4, 12, 'Andy shoes are designed to keeping in mind durability as well as trends, the most stylish range of shoes & sandals', 'http://placeimg.com/640/480/business', 42),
(682, 'Small Rubber Salad', '868', 4, 4, 'Carbonite web goalkeeper gloves are ergonomically designed to give easy fit', 'http://placeimg.com/640/480/business', 26),
(683, 'Generic Steel Table', '731', 4, 3, 'The beautiful range of Apple Naturalé that has an exciting mix of natural ingredients. With the Goodness of 100% Natural Ingredients', 'http://placeimg.com/640/480/business', 26),
(684, 'Small Rubber Chicken', '255', 4, 12, 'The Nagasaki Lander is the trademarked name of several series of Nagasaki sport bikes, that started with the 1984 ABC800J', 'http://placeimg.com/640/480/business', 30),
(685, 'Small Granite Bike', '961', 4, 0, 'Andy shoes are designed to keeping in mind durability as well as trends, the most stylish range of shoes & sandals', 'http://placeimg.com/640/480/business', 35),
(686, 'Practical Plastic Cheese', '15', 4, 10, 'Boston\'s most advanced compression wear technology increases muscle oxygenation, stabilizes active muscles', 'http://placeimg.com/640/480/business', 43),
(687, 'Unbranded Metal Soap', '422', 4, 2, 'Ergonomic executive chair upholstered in bonded black leather and PVC padded seat and back for all-day comfort and support', 'http://placeimg.com/640/480/business', 15),
(688, 'Handcrafted Plastic Chair', '166', 4, 14, 'The Football Is Good For Training And Recreational Purposes', 'http://placeimg.com/640/480/business', 15),
(689, 'Intelligent Plastic Sausages', '838', 4, 12, 'New ABC 13 9370, 13.3, 5th Gen CoreA5-8250U, 8GB RAM, 256GB SSD, power UHD Graphics, OS 10 Home, OS Office A & J 2016', 'http://placeimg.com/640/480/business', 26),
(690, 'Intelligent Fresh Bike', '465', 4, 5, 'The automobile layout consists of a front-engine design, with transaxle-type transmissions mounted at the rear of the engine and four wheel drive', 'http://placeimg.com/640/480/business', 9),
(691, 'Sleek Granite Pants', '959', 4, 8, 'New range of formal shirts are designed keeping you in mind. With fits and styling that will make you stand apart', 'http://placeimg.com/640/480/business', 35),
(692, 'Tasty Steel Chicken', '929', 4, 9, 'The Nagasaki Lander is the trademarked name of several series of Nagasaki sport bikes, that started with the 1984 ABC800J', 'http://placeimg.com/640/480/business', 38),
(693, 'Incredible Wooden Chair', '894', 4, 13, 'The slim & simple Maple Gaming Keyboard from Dev Byte comes with a sleek body and 7- Color RGB LED Back-lighting for smart functionality', 'http://placeimg.com/640/480/business', 32),
(694, 'Tasty Concrete Chips', '588', 4, 1, 'Andy shoes are designed to keeping in mind durability as well as trends, the most stylish range of shoes & sandals', 'http://placeimg.com/640/480/business', 23),
(695, 'Awesome Fresh Bike', '623', 4, 6, 'New ABC 13 9370, 13.3, 5th Gen CoreA5-8250U, 8GB RAM, 256GB SSD, power UHD Graphics, OS 10 Home, OS Office A & J 2016', 'http://placeimg.com/640/480/business', 17),
(696, 'Handcrafted Soft Hat', '184', 4, 1, 'The Apollotech B340 is an affordable wireless mouse with reliable connectivity, 12 months battery life and modern design', 'http://placeimg.com/640/480/business', 9),
(697, 'Gorgeous Metal Chips', '111', 4, 11, 'Carbonite web goalkeeper gloves are ergonomically designed to give easy fit', 'http://placeimg.com/640/480/business', 4),
(698, 'Tasty Soft Gloves', '84', 4, 7, 'New range of formal shirts are designed keeping you in mind. With fits and styling that will make you stand apart', 'http://placeimg.com/640/480/business', 46),
(699, 'Rustic Concrete Shirt', '40', 4, 0, 'The Football Is Good For Training And Recreational Purposes', 'http://placeimg.com/640/480/business', 30),
(700, 'Small Fresh Car', '934', 4, 10, 'The Football Is Good For Training And Recreational Purposes', 'http://placeimg.com/640/480/business', 21),
(701, 'Generic Fresh Bacon', '479', 4, 12, 'New ABC 13 9370, 13.3, 5th Gen CoreA5-8250U, 8GB RAM, 256GB SSD, power UHD Graphics, OS 10 Home, OS Office A & J 2016', 'http://placeimg.com/640/480/business', 42),
(702, 'Awesome Granite Bike', '78', 4, 5, 'The Nagasaki Lander is the trademarked name of several series of Nagasaki sport bikes, that started with the 1984 ABC800J', 'http://placeimg.com/640/480/business', 33),
(703, 'Generic Soft Table', '498', 4, 8, 'The automobile layout consists of a front-engine design, with transaxle-type transmissions mounted at the rear of the engine and four wheel drive', 'http://placeimg.com/640/480/business', 13),
(704, 'Generic Rubber Mouse', '519', 4, 5, 'The automobile layout consists of a front-engine design, with transaxle-type transmissions mounted at the rear of the engine and four wheel drive', 'http://placeimg.com/640/480/business', 32),
(705, 'Refined Fresh Table', '319', 4, 1, 'New ABC 13 9370, 13.3, 5th Gen CoreA5-8250U, 8GB RAM, 256GB SSD, power UHD Graphics, OS 10 Home, OS Office A & J 2016', 'http://placeimg.com/640/480/business', 41),
(706, 'Generic Rubber Gloves', '307', 4, 2, 'Ergonomic executive chair upholstered in bonded black leather and PVC padded seat and back for all-day comfort and support', 'http://placeimg.com/640/480/business', 12),
(707, 'Ergonomic Fresh Shoes', '335', 4, 11, 'The beautiful range of Apple Naturalé that has an exciting mix of natural ingredients. With the Goodness of 100% Natural Ingredients', 'http://placeimg.com/640/480/business', 14),
(708, 'Licensed Rubber Car', '133', 4, 11, 'New ABC 13 9370, 13.3, 5th Gen CoreA5-8250U, 8GB RAM, 256GB SSD, power UHD Graphics, OS 10 Home, OS Office A & J 2016', 'http://placeimg.com/640/480/business', 23),
(709, 'Sleek Concrete Hat', '24', 4, 5, 'The Nagasaki Lander is the trademarked name of several series of Nagasaki sport bikes, that started with the 1984 ABC800J', 'http://placeimg.com/640/480/business', 17),
(710, 'Generic Fresh Sausages', '634', 4, 3, 'Ergonomic executive chair upholstered in bonded black leather and PVC padded seat and back for all-day comfort and support', 'http://placeimg.com/640/480/business', 31),
(711, 'Small Plastic Chips', '540', 4, 14, 'The Football Is Good For Training And Recreational Purposes', 'http://placeimg.com/640/480/business', 21),
(712, 'Unbranded Frozen Hat', '609', 4, 14, 'Boston\'s most advanced compression wear technology increases muscle oxygenation, stabilizes active muscles', 'http://placeimg.com/640/480/business', 33),
(713, 'Generic Plastic Car', '510', 4, 4, 'New range of formal shirts are designed keeping you in mind. With fits and styling that will make you stand apart', 'http://placeimg.com/640/480/business', 32),
(714, 'Awesome Granite Shirt', '689', 4, 11, 'The automobile layout consists of a front-engine design, with transaxle-type transmissions mounted at the rear of the engine and four wheel drive', 'http://placeimg.com/640/480/business', 1),
(715, 'Handmade Steel Cheese', '138', 4, 8, 'Ergonomic executive chair upholstered in bonded black leather and PVC padded seat and back for all-day comfort and support', 'http://placeimg.com/640/480/business', 34),
(716, 'Tasty Wooden Soap', '454', 4, 8, 'The slim & simple Maple Gaming Keyboard from Dev Byte comes with a sleek body and 7- Color RGB LED Back-lighting for smart functionality', 'http://placeimg.com/640/480/business', 32),
(717, 'Small Steel Chicken', '590', 4, 10, 'The Nagasaki Lander is the trademarked name of several series of Nagasaki sport bikes, that started with the 1984 ABC800J', 'http://placeimg.com/640/480/business', 2),
(718, 'Refined Plastic Bike', '842', 4, 12, 'Ergonomic executive chair upholstered in bonded black leather and PVC padded seat and back for all-day comfort and support', 'http://placeimg.com/640/480/business', 44),
(719, 'Unbranded Fresh Bacon', '406', 4, 9, 'The beautiful range of Apple Naturalé that has an exciting mix of natural ingredients. With the Goodness of 100% Natural Ingredients', 'http://placeimg.com/640/480/business', 15),
(720, 'Tasty Frozen Soap', '409', 4, 14, 'The slim & simple Maple Gaming Keyboard from Dev Byte comes with a sleek body and 7- Color RGB LED Back-lighting for smart functionality', 'http://placeimg.com/640/480/business', 32),
(721, 'Generic Granite Car', '772', 4, 7, 'New ABC 13 9370, 13.3, 5th Gen CoreA5-8250U, 8GB RAM, 256GB SSD, power UHD Graphics, OS 10 Home, OS Office A & J 2016', 'http://placeimg.com/640/480/business', 15),
(722, 'Handmade Steel Chips', '791', 4, 6, 'The slim & simple Maple Gaming Keyboard from Dev Byte comes with a sleek body and 7- Color RGB LED Back-lighting for smart functionality', 'http://placeimg.com/640/480/business', 14),
(723, 'Licensed Wooden Mouse', '950', 4, 14, 'New range of formal shirts are designed keeping you in mind. With fits and styling that will make you stand apart', 'http://placeimg.com/640/480/business', 13),
(724, 'Licensed Steel Salad', '894', 4, 4, 'The automobile layout consists of a front-engine design, with transaxle-type transmissions mounted at the rear of the engine and four wheel drive', 'http://placeimg.com/640/480/business', 38),
(725, 'Licensed Fresh Tuna', '826', 4, 2, 'New range of formal shirts are designed keeping you in mind. With fits and styling that will make you stand apart', 'http://placeimg.com/640/480/business', 22),
(726, 'Generic Metal Gloves', '846', 4, 8, 'The automobile layout consists of a front-engine design, with transaxle-type transmissions mounted at the rear of the engine and four wheel drive', 'http://placeimg.com/640/480/business', 43),
(727, 'Small Cotton Shoes', '123', 4, 12, 'The Nagasaki Lander is the trademarked name of several series of Nagasaki sport bikes, that started with the 1984 ABC800J', 'http://placeimg.com/640/480/business', 46),
(728, 'Ergonomic Rubber Chicken', '368', 4, 8, 'The Football Is Good For Training And Recreational Purposes', 'http://placeimg.com/640/480/business', 24),
(729, 'Rustic Soft Ball', '478', 4, 1, 'New ABC 13 9370, 13.3, 5th Gen CoreA5-8250U, 8GB RAM, 256GB SSD, power UHD Graphics, OS 10 Home, OS Office A & J 2016', 'http://placeimg.com/640/480/business', 38),
(730, 'Small Plastic Gloves', '275', 4, 7, 'Boston\'s most advanced compression wear technology increases muscle oxygenation, stabilizes active muscles', 'http://placeimg.com/640/480/business', 2);
INSERT INTO `products` (`id`, `name`, `price`, `category`, `brand`, `description`, `picture`, `units_in_stock`) VALUES
(731, 'Gorgeous Cotton Table', '315', 4, 2, 'Boston\'s most advanced compression wear technology increases muscle oxygenation, stabilizes active muscles', 'http://placeimg.com/640/480/business', 11),
(732, 'Licensed Cotton Cheese', '949', 4, 7, 'The Football Is Good For Training And Recreational Purposes', 'http://placeimg.com/640/480/business', 23),
(733, 'Awesome Granite Soap', '634', 4, 1, 'The slim & simple Maple Gaming Keyboard from Dev Byte comes with a sleek body and 7- Color RGB LED Back-lighting for smart functionality', 'http://placeimg.com/640/480/business', 24),
(734, 'Practical Granite Keyboard', '59', 4, 0, 'Carbonite web goalkeeper gloves are ergonomically designed to give easy fit', 'http://placeimg.com/640/480/business', 19),
(735, 'Fantastic Fresh Mouse', '512', 4, 7, 'New ABC 13 9370, 13.3, 5th Gen CoreA5-8250U, 8GB RAM, 256GB SSD, power UHD Graphics, OS 10 Home, OS Office A & J 2016', 'http://placeimg.com/640/480/business', 38),
(736, 'Tasty Metal Tuna', '859', 4, 1, 'Ergonomic executive chair upholstered in bonded black leather and PVC padded seat and back for all-day comfort and support', 'http://placeimg.com/640/480/business', 14),
(737, 'Unbranded Cotton Fish', '147', 4, 5, 'The Nagasaki Lander is the trademarked name of several series of Nagasaki sport bikes, that started with the 1984 ABC800J', 'http://placeimg.com/640/480/business', 36),
(738, 'Generic Metal Pizza', '561', 4, 7, 'Carbonite web goalkeeper gloves are ergonomically designed to give easy fit', 'http://placeimg.com/640/480/business', 10),
(739, 'Rustic Fresh Hat', '652', 4, 7, 'New ABC 13 9370, 13.3, 5th Gen CoreA5-8250U, 8GB RAM, 256GB SSD, power UHD Graphics, OS 10 Home, OS Office A & J 2016', 'http://placeimg.com/640/480/business', 22),
(740, 'Handcrafted Fresh Hat', '268', 4, 14, 'The slim & simple Maple Gaming Keyboard from Dev Byte comes with a sleek body and 7- Color RGB LED Back-lighting for smart functionality', 'http://placeimg.com/640/480/business', 47),
(741, 'Generic Metal Bacon', '916', 4, 13, 'The Apollotech B340 is an affordable wireless mouse with reliable connectivity, 12 months battery life and modern design', 'http://placeimg.com/640/480/business', 1),
(742, 'Awesome Metal Cheese', '873', 4, 9, 'The slim & simple Maple Gaming Keyboard from Dev Byte comes with a sleek body and 7- Color RGB LED Back-lighting for smart functionality', 'http://placeimg.com/640/480/business', 3),
(743, 'Generic Soft Towels', '64', 4, 4, 'The Football Is Good For Training And Recreational Purposes', 'http://placeimg.com/640/480/business', 8),
(744, 'Small Plastic Towels', '39', 4, 13, 'Carbonite web goalkeeper gloves are ergonomically designed to give easy fit', 'http://placeimg.com/640/480/business', 14),
(745, 'Licensed Soft Hat', '346', 4, 5, 'The Nagasaki Lander is the trademarked name of several series of Nagasaki sport bikes, that started with the 1984 ABC800J', 'http://placeimg.com/640/480/business', 11),
(746, 'Ergonomic Fresh Gloves', '162', 4, 4, 'The slim & simple Maple Gaming Keyboard from Dev Byte comes with a sleek body and 7- Color RGB LED Back-lighting for smart functionality', 'http://placeimg.com/640/480/business', 3),
(747, 'Tasty Fresh Bike', '646', 4, 14, 'The Nagasaki Lander is the trademarked name of several series of Nagasaki sport bikes, that started with the 1984 ABC800J', 'http://placeimg.com/640/480/business', 39),
(748, 'Small Soft Pizza', '351', 4, 12, 'New ABC 13 9370, 13.3, 5th Gen CoreA5-8250U, 8GB RAM, 256GB SSD, power UHD Graphics, OS 10 Home, OS Office A & J 2016', 'http://placeimg.com/640/480/business', 37),
(749, 'Generic Metal Pants', '614', 4, 6, 'New ABC 13 9370, 13.3, 5th Gen CoreA5-8250U, 8GB RAM, 256GB SSD, power UHD Graphics, OS 10 Home, OS Office A & J 2016', 'http://placeimg.com/640/480/business', 20),
(750, 'Generic Fresh Car', '946', 4, 0, 'Boston\'s most advanced compression wear technology increases muscle oxygenation, stabilizes active muscles', 'http://placeimg.com/640/480/business', 49),
(751, 'Unbranded Concrete Mouse', '392', 4, 4, 'The slim & simple Maple Gaming Keyboard from Dev Byte comes with a sleek body and 7- Color RGB LED Back-lighting for smart functionality', 'http://placeimg.com/640/480/business', 6),
(752, 'Incredible Concrete Ball', '663', 4, 6, 'Ergonomic executive chair upholstered in bonded black leather and PVC padded seat and back for all-day comfort and support', 'http://placeimg.com/640/480/business', 47),
(753, 'Rustic Soft Ball', '885', 0, 7, 'The slim & simple Maple Gaming Keyboard from Dev Byte comes with a sleek body and 7- Color RGB LED Back-lighting for smart functionality', 'http://placeimg.com/640/480/business', 62);

-- --------------------------------------------------------

--
-- Struktura tabeli dla tabeli `user`
--

CREATE TABLE `user` (
  `username` varchar(16) CHARACTER SET utf8mb4 COLLATE utf8mb4_unicode_ci NOT NULL,
  `email` varchar(255) CHARACTER SET utf8mb4 COLLATE utf8mb4_unicode_ci DEFAULT NULL,
  `password` varchar(32) CHARACTER SET utf8mb4 COLLATE utf8mb4_unicode_ci NOT NULL,
  `create_time` timestamp NULL DEFAULT CURRENT_TIMESTAMP
) ENGINE=InnoDB DEFAULT CHARSET=utf8mb4 COLLATE=utf8mb4_unicode_ci;

--
-- Indeksy dla zrzutów tabel
--

--
-- Indeksy dla tabeli `brands`
--
ALTER TABLE `brands`
  ADD PRIMARY KEY (`id`);

--
-- Indeksy dla tabeli `categories`
--
ALTER TABLE `categories`
  ADD PRIMARY KEY (`id`),
  ADD UNIQUE KEY `categoriesname_UNIQUE` (`name`);

--
-- Indeksy dla tabeli `customers`
--
ALTER TABLE `customers`
  ADD PRIMARY KEY (`id`),
  ADD UNIQUE KEY `cust_nickname_UNIQUE` (`nickname`);

--
-- Indeksy dla tabeli `orderdetails`
--
ALTER TABLE `orderdetails`
  ADD PRIMARY KEY (`id`),
  ADD KEY `fk_orderdetails_orders1_idx` (`order`),
  ADD KEY `fk_orderdetails_products1_idx` (`product`);

--
-- Indeksy dla tabeli `orders`
--
ALTER TABLE `orders`
  ADD PRIMARY KEY (`id`),
  ADD KEY `fk_orders_customers1_idx` (`customer`);

--
-- Indeksy dla tabeli `products`
--
ALTER TABLE `products`
  ADD PRIMARY KEY (`id`),
  ADD KEY `fk_products_categories_idx` (`category`),
  ADD KEY `fk_products_brands1_idx` (`brand`);

--
-- AUTO_INCREMENT dla zrzuconych tabel
--

--
-- AUTO_INCREMENT dla tabeli `customers`
--
ALTER TABLE `customers`
  MODIFY `id` int NOT NULL AUTO_INCREMENT, AUTO_INCREMENT=3;

--
-- AUTO_INCREMENT dla tabeli `orderdetails`
--
ALTER TABLE `orderdetails`
  MODIFY `id` int NOT NULL AUTO_INCREMENT, AUTO_INCREMENT=8;

--
-- AUTO_INCREMENT dla tabeli `orders`
--
ALTER TABLE `orders`
  MODIFY `id` int NOT NULL AUTO_INCREMENT, AUTO_INCREMENT=4;

--
-- Ograniczenia dla zrzutów tabel
--

--
-- Ograniczenia dla tabeli `orderdetails`
--
ALTER TABLE `orderdetails`
  ADD CONSTRAINT `fk_orderdetails_orders1` FOREIGN KEY (`order`) REFERENCES `orders` (`id`) ON DELETE CASCADE ON UPDATE CASCADE,
  ADD CONSTRAINT `fk_orderdetails_products1` FOREIGN KEY (`product`) REFERENCES `products` (`id`) ON DELETE CASCADE ON UPDATE CASCADE;

--
-- Ograniczenia dla tabeli `orders`
--
ALTER TABLE `orders`
  ADD CONSTRAINT `fk_orders_customers1` FOREIGN KEY (`customer`) REFERENCES `customers` (`id`) ON DELETE CASCADE ON UPDATE CASCADE;

--
-- Ograniczenia dla tabeli `products`
--
ALTER TABLE `products`
  ADD CONSTRAINT `fk_products_brands1` FOREIGN KEY (`brand`) REFERENCES `brands` (`id`) ON DELETE SET NULL,
  ADD CONSTRAINT `fk_products_categories` FOREIGN KEY (`category`) REFERENCES `categories` (`id`) ON DELETE SET NULL;
COMMIT;

/*!40101 SET CHARACTER_SET_CLIENT=@OLD_CHARACTER_SET_CLIENT */;
/*!40101 SET CHARACTER_SET_RESULTS=@OLD_CHARACTER_SET_RESULTS */;
/*!40101 SET COLLATION_CONNECTION=@OLD_COLLATION_CONNECTION */;
